file,title,description_length,canonical,hreflang,og,schema,h1_count,issues
"404.html","Không tìm thấy trang | Nguyễn Lan Anh","102","https://www.nguyenlananh.com/404.html","yes","yes","no","1","missing schema"
"admin/audit/index.html","Audit & Reports | Admin Nguyễn Lan Anh","0","","no","no","no","1","missing description; missing canonical; missing hreflang; missing og; missing schema"
"admin/content/index.html","Admin Content | Nguyễn Lan Anh","96","https://www.nguyenlananh.com/admin/content/","yes","yes","no","1","missing schema"
"admin/creator-applications/index.html","Creator Applications | Admin Nguyễn Lan Anh","0","","no","no","no","1","missing description; missing canonical; missing hreflang; missing og; missing schema"
"admin/creators/index.html","Admin Creators | Nguyễn Lan Anh","71","https://www.nguyenlananh.com/admin/creators/","yes","yes","no","1","missing schema"
"admin/dashboard/index.html","Bảng điều khiển quản trị | Nguyễn Lan Anh","82","https://www.nguyenlananh.com/admin/dashboard/","yes","yes","no","1","missing schema"
"admin/events/index.html","Sự kiện & Logs | Admin Nguyễn Lan Anh","0","","no","no","no","1","missing description; missing canonical; missing hreflang; missing og; missing schema"
"admin/index.html","Nền quản trị | Nguyễn Lan Anh","104","https://www.nguyenlananh.com/admin/","yes","yes","no","1","missing schema"
"admin/learning/index.html","Learning Platform | Admin Nguyễn Lan Anh","0","","no","no","no","1","missing description; missing canonical; missing hreflang; missing og; missing schema"
"admin/login/index.html","Đăng nhập Admin | Nguyễn Lan Anh","0","https://admin.nguyenlananh.com/login/","no","yes","no","1","missing description; missing hreflang; missing schema"
"admin/members/index.html","Admin Members | Nguyễn Lan Anh","55","https://www.nguyenlananh.com/admin/members/","yes","yes","no","1","missing schema"
"admin/payments/index.html","Quản lý Thanh toán nội bộ | Nguyenlananh.com","115","https://www.nguyenlananh.com/admin/payments/","yes","yes","no","1","missing schema"
"admin/pilot/index.html","Admin Pilot | Nguyễn Lan Anh","130","https://www.nguyenlananh.com/admin/pilot/","yes","yes","no","1","missing schema"
"admin/reflection/index.html","Admin Reflection | Nguyễn Lan Anh","111","https://www.nguyenlananh.com/admin/reflection/","yes","yes","no","1","missing schema"
"admin/settings/index.html","Admin Settings | Nguyễn Lan Anh","61","https://www.nguyenlananh.com/admin/settings/","yes","yes","no","1","missing schema"
"assessments/avoidance-map/index.html","Avoidance Map Professional Assessment | Nguyễn Lan Anh","87","https://www.nguyenlananh.com/assessments/avoidance-map/","yes","yes","no","1","missing schema"
"assessments/avoidance-map/review/index.html","Avoidance Map — Professional Review | Nguyễn Lan Anh","116","https://www.nguyenlananh.com/assessments/avoidance-map/review/","yes","yes","no","1","missing schema"
"assessments/index.html","Assessments — Đánh giá chuyên sâu | Nguyễn Lan Anh","79","https://www.nguyenlananh.com/assessments/","yes","yes","no","1","missing schema"
"assessments/personal-capital/business/index.html","Personal Capital — Business Diagnostic | Nguyễn Lan Anh","122","https://www.nguyenlananh.com/assessments/personal-capital/business/","yes","yes","no","1","missing schema"
"assessments/personal-capital/expert/index.html","Personal Capital — Expert Diagnostic | Nguyễn Lan Anh","101","https://www.nguyenlananh.com/assessments/personal-capital/expert/","yes","yes","no","1","missing schema"
"assessments/personal-capital/index.html","Personal Capital Diagnostic & Strategy | Nguyễn Lan Anh","106","https://www.nguyenlananh.com/assessments/personal-capital/","yes","yes","no","1","missing schema"
"assets/pdf/creative-workshop-guide.html","Hướng dẫn Xưởng Sáng tạo — 5 nhịp tạo tác — Nguyenlananh.com","92","https://www.nguyenlananh.com/assets/pdf/creative-workshop-guide.html","no","yes","no","1","missing hreflang; missing schema"
"assets/pdf/family-roots-map.html","Bản đồ Gốc rễ Gia đình — Nguyenlananh.com","101","https://www.nguyenlananh.com/assets/pdf/family-roots-map.html","no","yes","no","1","missing hreflang; missing schema"
"assets/pdf/inner-capital-filter.html","Bộ lọc Quyết định &amp; Vốn Nội tại — Nguyenlananh.com","109","https://www.nguyenlananh.com/assets/pdf/inner-capital-filter.html","no","yes","no","1","missing hreflang; missing schema"
"assets/pdf/loop-map-workbook.html","Workbook Bản đồ Vòng lặp — Nguyenlananh.com","109","https://www.nguyenlananh.com/assets/pdf/loop-map-workbook.html","no","yes","no","1","missing hreflang; missing schema"
"assets/pdf/space-declutter-guide.html","Hướng dẫn 7 Tầng Dọn dẹp — Nguyenlananh.com","99","https://www.nguyenlananh.com/assets/pdf/space-declutter-guide.html","no","yes","no","1","missing hreflang; missing schema"
"bai-viet/[slug]/index.html","Mẫu route bài viết | Nguyenlananh.com","130","https://www.nguyenlananh.com/bai-viet/[slug]/","yes","yes","no","1","missing schema"
"bai-viet/am-thanh-tu-than-khi-mot-tieng-hat-tro-thanh-cach-tro-ve/index.html","Âm thanh tự thân: khi một tiếng hát trở thành cách trở về","128","https://www.nguyenlananh.com/bai-viet/am-thanh-tu-than-khi-mot-tieng-hat-tro-thanh-cach-tro-ve/","yes","yes","yes","1","ok"
"bai-viet/ban-do-he-thong-doi-song-ca-nhan/index.html","Bạn Đang Sống Trong Một Hệ Thống Mà Chính Mình Chưa Từng Vẽ Ra | Nguyenlananh.com","147","https://www.nguyenlananh.com/bai-viet/ban-do-he-thong-doi-song-ca-nhan/","yes","yes","yes","1","ok"
"bai-viet/ban-do-ne-tranh/index.html","Khi mình không đối mặt, mình đang đi đường vòng | Nguyễn Lan Anh","135","https://www.nguyenlananh.com/bai-viet/ban-do-ne-tranh/","yes","yes","no","1","missing schema"
"bai-viet/ban-do-vong-lap-ca-nhan/index.html","Bản đồ vòng lặp cá nhân: 7 vòng lặp đang vận hành đời bạn","126","https://www.nguyenlananh.com/bai-viet/ban-do-vong-lap-ca-nhan/","yes","yes","yes","1","ok"
"bai-viet/ban-khong-thieu-kien-thuc/index.html","Bạn không thiếu kiến thức | Nguyễn Lan Anh","94","https://www.nguyenlananh.com/bai-viet/ban-khong-thieu-kien-thuc/","yes","yes","yes","1","ok"
"bai-viet/bon-truc-thay-doi/index.html","Bốn trục Quan sát Cảm nhận Hành động Chuyển hóa","137","https://www.nguyenlananh.com/bai-viet/bon-truc-thay-doi/","yes","yes","yes","1","ok"
"bai-viet/cai-choi/index.html","Cái chổi và việc nhỏ làm đời sống rõ lại | Nguyenlananh.com","149","https://www.nguyenlananh.com/bai-viet/cai-choi/","yes","yes","yes","1","ok"
"bai-viet/chi-can-dung/index.html","Cuộc đời bạn không cần tối ưu, chỉ cần đúng","117","https://www.nguyenlananh.com/bai-viet/chi-can-dung/","yes","yes","yes","1","ok"
"bai-viet/chu-tam-sau/index.html","Chú tâm sâu: phục hồi khả năng tập trung đã mất","135","https://www.nguyenlananh.com/bai-viet/chu-tam-sau/","yes","yes","yes","1","ok"
"bai-viet/chua-tung-co-huong/index.html","Bạn không mất phương hướng, bạn chưa từng có hướng","109","https://www.nguyenlananh.com/bai-viet/chua-tung-co-huong/","yes","yes","yes","1","ok"
"bai-viet/chuyen-muc/dau-tu-ban-than/index.html","Đầu tư bản thân | Chuyên mục | Nguyenlananh.com","98","https://www.nguyenlananh.com/bai-viet/chuyen-muc/dau-tu-ban-than/","yes","yes","yes","1","ok"
"bai-viet/chuyen-muc/di-vao-ben-trong/index.html","Đi vào bên trong | Chuyên mục | Nguyenlananh.com","99","https://www.nguyenlananh.com/bai-viet/chuyen-muc/di-vao-ben-trong/","yes","yes","yes","1","ok"
"bai-viet/chuyen-muc/du-an-nhat-ky/index.html","Dự án nhật ký | Chuyên mục | Nguyenlananh.com","93","https://www.nguyenlananh.com/bai-viet/chuyen-muc/du-an-nhat-ky/","yes","yes","yes","1","ok"
"bai-viet/chuyen-muc/gia-tri-noi-tai/index.html","Giá trị nội tại | Chuyên mục | Nguyenlananh.com","113","https://www.nguyenlananh.com/bai-viet/chuyen-muc/gia-tri-noi-tai/","yes","yes","yes","1","ok"
"bai-viet/chuyen-muc/lao-dong-sang-tao/index.html","Lao động sáng tạo | Chuyên mục | Nguyenlananh.com","87","https://www.nguyenlananh.com/bai-viet/chuyen-muc/lao-dong-sang-tao/","yes","yes","yes","1","ok"
"bai-viet/chuyen-muc/mon-hoc-don-dep/index.html","Môn học dọn dẹp | Chuyên mục | Nguyenlananh.com","102","https://www.nguyenlananh.com/bai-viet/chuyen-muc/mon-hoc-don-dep/","yes","yes","yes","1","ok"
"bai-viet/co-don-khong-phai-vi-thieu-nguoi/index.html","Cô đơn không phải vì thiếu người | Nguyenlananh.com","123","https://www.nguyenlananh.com/bai-viet/co-don-khong-phai-vi-thieu-nguoi/","yes","yes","yes","1","ok"
"bai-viet/co-nguoi-can-dung-lai/index.html","Không phải ai cũng cần phát triển thêm","127","https://www.nguyenlananh.com/bai-viet/co-nguoi-can-dung-lai/","yes","yes","yes","1","ok"
"bai-viet/cong-dong-dong-hanh-va-truong-thanh/index.html","Một Cộng Đồng Tốt Không Giữ Bạn Lại; Nó Giúp Bạn Đứng Vững Hơn | Nguyenlananh.com","104","https://www.nguyenlananh.com/bai-viet/cong-dong-dong-hanh-va-truong-thanh/","yes","yes","yes","1","ok"
"bai-viet/cong-dong-song-moi/index.html","Cộng đồng sống mới | Nguyenlananh.com","155","https://www.nguyenlananh.com/bai-viet/cong-dong-song-moi/","yes","yes","no","1","missing schema"
"bai-viet/dau-tu-ban-than/index.html","Đầu tư bản thân | Bài viết | Nguyenlananh.com","139","https://www.nguyenlananh.com/bai-viet/dau-tu-ban-than/","yes","yes","no","1","missing schema"
"bai-viet/dau-tu-ban-than-hoc-tap-nhan-thuc-cao-hon/index.html","Đầu tư bản thân - học tập nhận thức cao hơn | Nguyenlananh.com","119","https://www.nguyenlananh.com/bai-viet/dau-tu-ban-than-hoc-tap-nhan-thuc-cao-hon/","yes","yes","yes","1","ok"
"bai-viet/dau-tu-ban-than-khong-ao-tuong-doi-doi/index.html","Đầu tư bản thân không ảo tưởng đổi đời | Nguyenlananh.com","143","https://www.nguyenlananh.com/bai-viet/dau-tu-ban-than-khong-ao-tuong-doi-doi/","yes","yes","yes","1","ok"
"bai-viet/dau-tu-hien-tai-tu-do-tuong-lai/index.html","Đầu tư hiện tại - tự do tương lai | Nguyenlananh.com","117","https://www.nguyenlananh.com/bai-viet/dau-tu-hien-tai-tu-do-tuong-lai/","yes","yes","yes","1","ok"
"bai-viet/di-vao-ben-trong/index.html","Đi vào bên trong | Bài viết | Nguyenlananh.com","75","https://www.nguyenlananh.com/bai-viet/di-vao-ben-trong/","yes","yes","no","1","missing schema"
"bai-viet/di-vao-ben-trong-giai-ma-nhung-gi-dang-van-hanh-ban/index.html","Giải mã những gì đang vận hành bạn | Nguyenlananh.com","149","https://www.nguyenlananh.com/bai-viet/di-vao-ben-trong-giai-ma-nhung-gi-dang-van-hanh-ban/","yes","yes","no","1","missing schema"
"bai-viet/diem-nghen-cam-xuc/index.html","Điểm nghẽn cảm xúc: nơi bạn dừng lại mỗi lần muốn đi tiếp | Nguyễn Lan Anh","124","https://www.nguyenlananh.com/bai-viet/diem-nghen-cam-xuc/","yes","yes","no","1","missing schema"
"bai-viet/dieu-ban-dang-tranh/index.html","Điều bạn đang tránh chính là điều cần nhìn","115","https://www.nguyenlananh.com/bai-viet/dieu-ban-dang-tranh/","yes","yes","yes","1","ok"
"bai-viet/dieu-dang-tiec-nhat-khi-ket-thuc-mot-kiep-song/index.html","Điều đáng tiếc nhất khi kết thúc một kiếp sống | Nguyenlananh.com","77","https://www.nguyenlananh.com/bai-viet/dieu-dang-tiec-nhat-khi-ket-thuc-mot-kiep-song/","yes","yes","yes","1","ok"
"bai-viet/dieu-tre-em-can-khong-chi-la-day-dung/index.html","Điều trẻ em cần không chỉ là dạy đúng | Nguyenlananh.com","128","https://www.nguyenlananh.com/bai-viet/dieu-tre-em-can-khong-chi-la-day-dung/","yes","yes","yes","1","ok"
"bai-viet/dong-chay-sang-tao-dong-chay-su-song/index.html","Dòng chảy sáng tạo - dòng chảy sự sống | Nguyenlananh.com","131","https://www.nguyenlananh.com/bai-viet/dong-chay-sang-tao-dong-chay-su-song/","yes","yes","yes","1","ok"
"bai-viet/du-an-37-ngay/index.html","Dự án 37 ngày | Nguyenlananh.com","117","https://www.nguyenlananh.com/bai-viet/du-an-37-ngay/","yes","yes","yes","1","ok"
"bai-viet/du-an-buoc/index.html","Dự án BƯỚC | Nguyenlananh.com","111","https://www.nguyenlananh.com/bai-viet/du-an-buoc/","yes","yes","yes","1","ok"
"bai-viet/du-an-doi-song-37-ngay/index.html","Đừng Cố Thay Đổi Cả Cuộc Đời: Hãy Hoàn Thành Một Dự Án Đủ Thật | Nguyenlananh.com","101","https://www.nguyenlananh.com/bai-viet/du-an-doi-song-37-ngay/","yes","yes","yes","1","ok"
"bai-viet/du-an-nhat-ky/index.html","Dự án nhật ký | Bài viết | Nguyenlananh.com","135","https://www.nguyenlananh.com/bai-viet/du-an-nhat-ky/","yes","yes","no","1","missing schema"
"bai-viet/gan-duc-khoi-trong/index.html","Gạn đục khơi trong | Nguyenlananh.com","148","https://www.nguyenlananh.com/bai-viet/gan-duc-khoi-trong/","yes","yes","no","1","missing schema"
"bai-viet/gia-dinh-khong-chi-la-noi-ta-lon-len/index.html","Gia đình không chỉ là nơi ta lớn lên | Nguyenlananh.com","125","https://www.nguyenlananh.com/bai-viet/gia-dinh-khong-chi-la-noi-ta-lon-len/","yes","yes","yes","1","ok"
"bai-viet/gia-tri-cuoc-doi-ban-dang-gia-bao-nhieu/index.html","Giá trị cuộc đời bạn đáng giá bao nhiêu | Nguyenlananh.com","76","https://www.nguyenlananh.com/bai-viet/gia-tri-cuoc-doi-ban-dang-gia-bao-nhieu/","yes","yes","yes","1","ok"
"bai-viet/gia-tri-nao-la-vinh-cuu-truoc-song-gio/index.html","Giá trị nào là vĩnh cửu trước sóng gió | Nguyenlananh.com","125","https://www.nguyenlananh.com/bai-viet/gia-tri-nao-la-vinh-cuu-truoc-song-gio/","yes","yes","yes","1","ok"
"bai-viet/gia-tri-noi-tai/index.html","Giá trị nội tại | Bài viết | Nguyenlananh.com","137","https://www.nguyenlananh.com/bai-viet/gia-tri-noi-tai/","yes","yes","no","1","missing schema"
"bai-viet/hanh-trinh-di-vao-ben-trong/index.html","Hành trình đi vào bên trong | Nguyenlananh.com","135","https://www.nguyenlananh.com/bai-viet/hanh-trinh-di-vao-ben-trong/","yes","yes","yes","1","ok"
"bai-viet/he-gia-dinh-noi-phan-xa-duoc-hoc/index.html","Hệ gia đình nơi phản xạ được học | Nguyenlananh.com","147","https://www.nguyenlananh.com/bai-viet/he-gia-dinh-noi-phan-xa-duoc-hoc/","yes","yes","yes","1","ok"
"bai-viet/he-gia-dinh-va-goc-re/index.html","Hệ gia đình và gốc rễ: gỡ vòng lặp liên thế hệ","97","https://www.nguyenlananh.com/bai-viet/he-gia-dinh-va-goc-re/","yes","yes","yes","1","ok"
"bai-viet/he-gia-dinh-va-quyen-lua-chon/index.html","Điều Gì Trong Gia Đình Vẫn Đang Quyết Định Thay Bạn? | Nguyenlananh.com","104","https://www.nguyenlananh.com/bai-viet/he-gia-dinh-va-quyen-lua-chon/","yes","yes","yes","1","ok"
"bai-viet/he-van-hanh-lao-dong-sang-tao/index.html","Sáng Tạo Không Phải Cảm Hứng: Đó Là Một Hệ Vận Hành Có Thể Xây Được | Nguyenlananh.com","109","https://www.nguyenlananh.com/bai-viet/he-van-hanh-lao-dong-sang-tao/","yes","yes","yes","1","ok"
"bai-viet/hieu-cuoc-doi-minh/index.html","Bạn không cần đổi cuộc đời, bạn cần hiểu nó","122","https://www.nguyenlananh.com/bai-viet/hieu-cuoc-doi-minh/","yes","yes","yes","1","ok"
"bai-viet/hoc-tap-sang-tao-truong-thanh/index.html","Học tập - sáng tạo - trưởng thành | Nguyenlananh.com","129","https://www.nguyenlananh.com/bai-viet/hoc-tap-sang-tao-truong-thanh/","yes","yes","yes","1","ok"
"bai-viet/hoi-sinh-su-song-tu-su-sang-tao-nguyen-so/index.html","Hồi sinh sự sống từ sự sáng tạo nguyên sơ | Nguyenlananh.com","133","https://www.nguyenlananh.com/bai-viet/hoi-sinh-su-song-tu-su-sang-tao-nguyen-so/","yes","yes","yes","1","ok"
"bai-viet/im-lang-noi-ban-van-dang-ne/index.html","Im lặng nơi bạn vẫn đang né | Nguyenlananh.com","134","https://www.nguyenlananh.com/bai-viet/im-lang-noi-ban-van-dang-ne/","yes","yes","yes","1","ok"
"bai-viet/index.html","Bài viết | Nguyenlananh.com","126","https://www.nguyenlananh.com/bai-viet/","yes","yes","no","1","missing schema"
"bai-viet/ket-noi-linh-hon-vat-the/index.html","Kết nối linh hồn vật thể | Nguyenlananh.com","133","https://www.nguyenlananh.com/bai-viet/ket-noi-linh-hon-vat-the/","yes","yes","yes","1","ok"
"bai-viet/ket-noi-sang-tao/index.html","Kết nối sáng tạo | Nguyenlananh.com","70","https://www.nguyenlananh.com/bai-viet/ket-noi-sang-tao/","yes","yes","yes","1","ok"
"bai-viet/khi-doi-song-bat-dau-roi-khoi-tay-minh/index.html","Khi Đời Sống Bắt Đầu Rơi Khỏi Tay Mình | Nguyễn Lan Anh","138","https://www.nguyenlananh.com/bai-viet/khi-doi-song-bat-dau-roi-khoi-tay-minh/","yes","yes","yes","1","ok"
"bai-viet/khi-moi-truong-khong-con-phu-hop/index.html","Khi môi trường không còn phù hợp | Nguyenlananh.com","88","https://www.nguyenlananh.com/bai-viet/khi-moi-truong-khong-con-phu-hop/","yes","yes","no","1","missing schema"
"bai-viet/khi-mot-goc-nha-duoc-dat-lai-dung-cho/index.html","Khi Một Góc Nhà Được Đặt Lại Đúng Chỗ | Nguyễn Lan Anh","122","https://www.nguyenlananh.com/bai-viet/khi-mot-goc-nha-duoc-dat-lai-dung-cho/","yes","yes","yes","1","ok"
"bai-viet/khoi-tu-tam/index.html","Khởi từ tâm | Nguyenlananh.com","120","https://www.nguyenlananh.com/bai-viet/khoi-tu-tam/","yes","yes","no","1","missing schema"
"bai-viet/khong-gian-song-va-nang-luc-hanh-dong/index.html","Ngôi Nhà Đang Giữ Bạn Lại Hay Đang Giúp Bạn Sống Rõ Hơn? | Nguyenlananh.com","122","https://www.nguyenlananh.com/bai-viet/khong-gian-song-va-nang-luc-hanh-dong/","yes","yes","yes","1","ok"
"bai-viet/khong-phai-ban-thieu-ky-luat-ma-thieu-mot-nhip-song-that/index.html","Không Phải Thiếu Kỷ Luật — Thiếu Nhịp Sống Thật | Nguyễn Lan Anh","117","https://www.nguyenlananh.com/bai-viet/khong-phai-ban-thieu-ky-luat-ma-thieu-mot-nhip-song-that/","yes","yes","yes","1","ok"
"bai-viet/kien-tao-mot-doi-song-y-nghia/index.html","Kiến tạo một đời sống ý nghĩa | Nguyenlananh.com","137","https://www.nguyenlananh.com/bai-viet/kien-tao-mot-doi-song-y-nghia/","yes","yes","yes","1","ok"
"bai-viet/kinh-te-cua-su-ro-rang/index.html","Kinh tế của sự rõ ràng: đầu tư theo hệ vốn nội tại","100","https://www.nguyenlananh.com/bai-viet/kinh-te-cua-su-ro-rang/","yes","yes","yes","1","ok"
"bai-viet/kinh-te-noi-tai-va-nguon-luc-ca-nhan/index.html","Trước Khi Tăng Thu Nhập, Hãy Nhìn Lại Cách Đời Sống Đang Tiêu Hao Nguồn Lực | Nguyenlananh.com","101","https://www.nguyenlananh.com/bai-viet/kinh-te-noi-tai-va-nguon-luc-ca-nhan/","yes","yes","yes","1","ok"
"bai-viet/lang-nghe-va-ra-quyet-dinh-ro-rang/index.html","Không Phải Lựa Chọn Nào Cũng Cần Thêm Lời Khuyên | Nguyenlananh.com","106","https://www.nguyenlananh.com/bai-viet/lang-nghe-va-ra-quyet-dinh-ro-rang/","yes","yes","yes","1","ok"
"bai-viet/lao-dong-sang-tao/index.html","Lao động sáng tạo | Bài viết | Nguyenlananh.com","115","https://www.nguyenlananh.com/bai-viet/lao-dong-sang-tao/","yes","yes","no","1","missing schema"
"bai-viet/lao-dong-sang-tao-he-van-hanh/index.html","Lao động sáng tạo như hệ vận hành đời sống","110","https://www.nguyenlananh.com/bai-viet/lao-dong-sang-tao-he-van-hanh/","yes","yes","yes","1","ok"
"bai-viet/lao-dong-sang-tao-khong-phai-dau-ra-ma-la-cach-song/index.html","Lao động sáng tạo không phải đầu ra mà là cách sống","140","https://www.nguyenlananh.com/bai-viet/lao-dong-sang-tao-khong-phai-dau-ra-ma-la-cach-song/","yes","yes","yes","1","ok"
"bai-viet/minh-dang-di-con-duong-gi/index.html","Mình đang đi con đường gì | Nguyenlananh.com","75","https://www.nguyenlananh.com/bai-viet/minh-dang-di-con-duong-gi/","yes","yes","yes","1","ok"
"bai-viet/moi-truong-la-nguoi-thay-vo-hinh/index.html","Môi trường là người thầy vô hình | Nguyenlananh.com","126","https://www.nguyenlananh.com/bai-viet/moi-truong-la-nguoi-thay-vo-hinh/","yes","yes","yes","1","ok"
"bai-viet/mon-hoc-don-dep/index.html","Môn học dọn dẹp | Bài viết | Nguyenlananh.com","129","https://www.nguyenlananh.com/bai-viet/mon-hoc-don-dep/","yes","yes","no","1","missing schema"
"bai-viet/mon-hoc-don-dep-tong-quan/index.html","Môn học dọn dẹp tổng quan | Nguyenlananh.com","73","https://www.nguyenlananh.com/bai-viet/mon-hoc-don-dep-tong-quan/","yes","yes","yes","1","ok"
"bai-viet/mot-nguoi-dong-hanh-dung-khong-keo-ban-di-nhanh-hon/index.html","Đồng Hành Đúng Không Kéo Bạn Nhanh Hơn | Nguyễn Lan Anh","126","https://www.nguyenlananh.com/bai-viet/mot-nguoi-dong-hanh-dung-khong-keo-ban-di-nhanh-hon/","yes","yes","yes","1","ok"
"bai-viet/nen-tang-ranh-gioi/index.html","Nền tảng ranh giới: bảo vệ mình không phải là cô lập mình | Nguyễn Lan Anh","101","https://www.nguyenlananh.com/bai-viet/nen-tang-ranh-gioi/","yes","yes","no","1","missing schema"
"bai-viet/neu-minh-sai-thi-sao/index.html","Nếu mình sai thì sao | Nguyenlananh.com","134","https://www.nguyenlananh.com/bai-viet/neu-minh-sai-thi-sao/","yes","yes","no","1","missing schema"
"bai-viet/nghe-lai-thu-minh-da-im-lang-qua-lau/index.html","Nghe Lại: Thứ Mình Đã Im Lặng Quá Lâu | Nguyễn Lan Anh","98","https://www.nguyenlananh.com/bai-viet/nghe-lai-thu-minh-da-im-lang-qua-lau/","yes","yes","yes","1","ok"
"bai-viet/ngoi-nha-thu-2/index.html","Ngôi nhà thứ 2 | Nguyenlananh.com","163","https://www.nguyenlananh.com/bai-viet/ngoi-nha-thu-2/","yes","yes","no","1","missing schema"
"bai-viet/ngoi-nha-thu-hai-noi-ban-dang-song-moi-ngay/index.html","Ngôi nhà thứ hai và môi trường làm việc | Nguyenlananh.com","165","https://www.nguyenlananh.com/bai-viet/ngoi-nha-thu-hai-noi-ban-dang-song-moi-ngay/","yes","yes","no","1","missing schema"
"bai-viet/nhat-ky-37-ngay-lam-chu-ngay-1/index.html","Nhật ký 37 ngày làm chủ – Ngày 1 | Nguyenlananh.com","136","https://www.nguyenlananh.com/bai-viet/nhat-ky-37-ngay-lam-chu-ngay-1/","yes","yes","no","1","missing schema"
"bai-viet/nhung-vong-lap-ban-chua-goi-ten/index.html","Vòng lặp điều bạn chưa gọi đúng tên | Nguyenlananh.com","133","https://www.nguyenlananh.com/bai-viet/nhung-vong-lap-ban-chua-goi-ten/","yes","yes","yes","1","ok"
"bai-viet/nuoi-day-tre-khong-lam-gay-tu-nhien/index.html","Nuôi dạy trẻ không làm gãy tự nhiên | Nguyenlananh.com","138","https://www.nguyenlananh.com/bai-viet/nuoi-day-tre-khong-lam-gay-tu-nhien/","yes","yes","yes","1","ok"
"bai-viet/quan-tri-nang-luong/index.html","Quản trị năng lượng: thiết kế ngày theo nhịp của bạn","134","https://www.nguyenlananh.com/bai-viet/quan-tri-nang-luong/","yes","yes","yes","1","ok"
"bai-viet/quet-la-va-viec-hoc/index.html","Quét lá và việc học | Nguyenlananh.com","133","https://www.nguyenlananh.com/bai-viet/quet-la-va-viec-hoc/","yes","yes","yes","1","ok"
"bai-viet/ranh-gioi-lanh-manh/index.html","Ranh giới lành mạnh: nói không mà không thấy tội lỗi","136","https://www.nguyenlananh.com/bai-viet/ranh-gioi-lanh-manh/","yes","yes","yes","1","ok"
"bai-viet/sai-moi-truong/index.html","Bạn không kém, bạn đang ở sai môi trường","78","https://www.nguyenlananh.com/bai-viet/sai-moi-truong/","yes","yes","yes","1","ok"
"bai-viet/song-sai-nhip/index.html","Bạn không mệt vì làm nhiều, bạn mệt vì sai nhịp","118","https://www.nguyenlananh.com/bai-viet/song-sai-nhip/","yes","yes","yes","1","ok"
"bai-viet/song-theo-dong-chay/index.html","Sống theo dòng chảy | Nguyenlananh.com","134","https://www.nguyenlananh.com/bai-viet/song-theo-dong-chay/","yes","yes","no","1","missing schema"
"bai-viet/song-theo-thoi-quen/index.html","Bạn đang sống theo thói quen hay lựa chọn?","75","https://www.nguyenlananh.com/bai-viet/song-theo-thoi-quen/","yes","yes","yes","1","ok"
"bai-viet/su-du-va-tien-bac/index.html","Sự đủ: thoát vòng lặp thiếu thốn trong tâm lý tiền bạc","122","https://www.nguyenlananh.com/bai-viet/su-du-va-tien-bac/","yes","yes","yes","1","ok"
"bai-viet/tai-thiet-khong-gian-song/index.html","Tái thiết không gian sống: môn học dọn dẹp chuyển hóa","112","https://www.nguyenlananh.com/bai-viet/tai-thiet-khong-gian-song/","yes","yes","yes","1","ok"
"bai-viet/thiet-ke-moi-truong-song-phu-hop/index.html","Bạn Không Chỉ Sống Trong Một Căn Nhà; Bạn Sống Trong Một Hệ Ảnh Hưởng | Nguyenlananh.com","113","https://www.nguyenlananh.com/bai-viet/thiet-ke-moi-truong-song-phu-hop/","yes","yes","yes","1","ok"
"bai-viet/thiet-ke-nhip-song-ben-vung/index.html","Một Đời Sống Bền Vững Không Được Xây Bằng Kỷ Luật Cưỡng Ép | Nguyenlananh.com","130","https://www.nguyenlananh.com/bai-viet/thiet-ke-nhip-song-ben-vung/","yes","yes","yes","1","ok"
"bai-viet/thieu-su-that/index.html","Bạn không thiếu động lực, bạn thiếu sự thật","110","https://www.nguyenlananh.com/bai-viet/thieu-su-that/","yes","yes","yes","1","ok"
"bai-viet/truong-thanh-thong-qua-mon-hoc-don-dep/index.html","Trưởng thành thông qua môn học dọn dẹp | Nguyenlananh.com","75","https://www.nguyenlananh.com/bai-viet/truong-thanh-thong-qua-mon-hoc-don-dep/","yes","yes","yes","1","ok"
"bai-viet/tu-55-trieu-den-tu-do/index.html","Từ 55 triệu đến tự do | Nguyenlananh.com","73","https://www.nguyenlananh.com/bai-viet/tu-55-trieu-den-tu-do/","yes","yes","yes","1","ok"
"bai-viet/viet-phan-tu/index.html","Viết phản tư: dùng trang giấy để hiểu chính mình","131","https://www.nguyenlananh.com/bai-viet/viet-phan-tu/","yes","yes","yes","1","ok"
"bai-viet/vu-tru-vat-chat/index.html","Vũ trụ vật chất | Nguyenlananh.com","157","https://www.nguyenlananh.com/bai-viet/vu-tru-vat-chat/","yes","yes","no","1","missing schema"
"bat-dau/7-ngay-thiet-lap-nhip-song-moi/index.html","Bảy ngày để thiết lập một nhịp sống mới | Hướng dẫn","148","https://www.nguyenlananh.com/bat-dau/7-ngay-thiet-lap-nhip-song-moi/","yes","yes","yes","1","ok"
"bat-dau/bat-dau-trong-15-phut/index.html","Bắt đầu với Nguyenlananh.com trong 15 phút | Hướng dẫn","151","https://www.nguyenlananh.com/bat-dau/bat-dau-trong-15-phut/","yes","yes","yes","1","ok"
"bat-dau/index.html","Hướng dẫn — Bắt đầu với Nguyenlananh.com | Nguyenlananh.com","141","https://www.nguyenlananh.com/bat-dau/","yes","yes","no","1","missing schema"
"bat-dau/vi-sao-day-la-mot-he-thuc-hanh/index.html","Vì sao Nguyenlananh.com là một hệ thực hành | Hướng dẫn","138","https://www.nguyenlananh.com/bat-dau/vi-sao-day-la-mot-he-thuc-hanh/","yes","yes","yes","1","ok"
"certification/index.html","Certification — Chứng nhận chuyên môn | Nguyễn Lan Anh","70","https://www.nguyenlananh.com/certification/","yes","yes","no","1","missing schema"
"certification/practice-companion-level-1/index.html","Certified Practice Companion — Level 1 | Nguyễn Lan Anh","103","https://www.nguyenlananh.com/certification/practice-companion-level-1/","yes","yes","no","1","missing schema"
"certification/practice-method-designer/index.html","Practice Method Designer Certification | Nguyễn Lan Anh","80","https://www.nguyenlananh.com/certification/practice-method-designer/","yes","yes","no","1","missing schema"
"chinh-sach-bao-mat/index.html","Chính sách bảo mật | Nguyenlananh.com","117","https://www.nguyenlananh.com/chinh-sach-bao-mat/","yes","yes","no","1","missing schema"
"chuong-trinh/ban-do-vong-lap/index.html","Bộ Bản đồ Vòng lặp — 21 ngày | Chương trình | Nguyenlananh.com","143","https://www.nguyenlananh.com/chuong-trinh/ban-do-vong-lap/","yes","yes","yes","1","ok"
"chuong-trinh/bo-chu-tam-sau/index.html","Bộ Chú tâm Sâu — 21 ngày | Chương trình | Nguyenlananh.com","124","https://www.nguyenlananh.com/chuong-trinh/bo-chu-tam-sau/","yes","yes","yes","1","ok"
"chuong-trinh/bo-quan-tri-nang-luong/index.html","Bộ Quản trị năng lượng — 14 ngày | Nguyễn Lan Anh","144","https://www.nguyenlananh.com/chuong-trinh/bo-quan-tri-nang-luong/","yes","yes","yes","1","ok"
"chuong-trinh/bo-ranh-gioi/index.html","Bộ Ranh giới — 14 ngày | Chương trình | Nguyenlananh.com","132","https://www.nguyenlananh.com/chuong-trinh/bo-ranh-gioi/","yes","yes","yes","1","ok"
"chuong-trinh/dau-tu-noi-tai/index.html","Đầu tư Nội tại — 90 ngày | Chương trình | Nguyenlananh.com","145","https://www.nguyenlananh.com/chuong-trinh/dau-tu-noi-tai/","yes","yes","yes","1","ok"
"chuong-trinh/gia-dinh-goc-re/index.html","Gia đình & Gốc rễ — 8 tuần | Chương trình | Nguyenlananh.com","136","https://www.nguyenlananh.com/chuong-trinh/gia-dinh-goc-re/","yes","yes","yes","1","ok"
"chuong-trinh/index.html","Chương trình | Nguyenlananh.com","108","https://www.nguyenlananh.com/chuong-trinh/","yes","yes","no","1","missing schema"
"chuong-trinh/nhat-ky-phan-tu/index.html","Nhật ký Phản tư — 30 ngày | Chương trình | Nguyenlananh.com","126","https://www.nguyenlananh.com/chuong-trinh/nhat-ky-phan-tu/","yes","yes","yes","1","ok"
"chuong-trinh/so-tay-su-du/index.html","Sổ tay Sự đủ — 30 ngày | Chương trình | Nguyenlananh.com","123","https://www.nguyenlananh.com/chuong-trinh/so-tay-su-du/","yes","yes","yes","1","ok"
"chuong-trinh/tai-thiet-khong-gian/index.html","Tái thiết Không gian — 30 ngày | Chương trình | Nguyenlananh.com","150","https://www.nguyenlananh.com/chuong-trinh/tai-thiet-khong-gian/","yes","yes","yes","1","ok"
"chuong-trinh/xuong-sang-tao/index.html","Xưởng Lao động Sáng tạo | Chương trình | Nguyenlananh.com","142","https://www.nguyenlananh.com/chuong-trinh/xuong-sang-tao/","yes","yes","yes","1","ok"
"creators/apply/index.html","Đăng ký làm creator | Nguyễn Lan Anh","65","https://www.nguyenlananh.com/creators/apply/","yes","yes","no","1","missing schema"
"creators/index.html","Nhà sáng tạo nội dung | Nguyễn Lan Anh","92","https://www.nguyenlananh.com/creators/","yes","yes","no","1","missing schema"
"creators/policy/index.html","Chính sách Creator | Quyền IP · Đồng thuận · Doanh thu","95","https://www.nguyenlananh.com/creators/policy/","yes","yes","no","1","missing schema"
"creators/profile/index.html","Creator Profile | Nguyễn Lan Anh","28","https://www.nguyenlananh.com/creators/profile/","yes","yes","no","1","missing schema"
"dieu-khoan/index.html","Điều khoản sử dụng | Nguyenlananh.com","147","https://www.nguyenlananh.com/dieu-khoan/","yes","yes","no","1","missing schema"
"du-an/du-an-37-ngay/index.html","Dự án 37 ngày | Nguyenlananh.com","140","https://www.nguyenlananh.com/du-an/du-an-37-ngay/","yes","yes","no","1","missing schema"
"du-an/du-an-buoc/index.html","Dự án BƯỚC | Nguyenlananh.com","147","https://www.nguyenlananh.com/du-an/du-an-buoc/","yes","yes","no","1","missing schema"
"du-an/index.html","Dự án thực hành — Hành trình làm chủ đời sống | Nguyenlananh.com","155","https://www.nguyenlananh.com/du-an/","yes","yes","no","1","missing schema"
"en/admin/content/index.html","Admin Content | Nguyenlananh.com","70","https://www.nguyenlananh.com/en/admin/content/","yes","yes","no","1","missing schema"
"en/admin/creators/index.html","Admin Creators | Nguyenlananh.com","131","https://www.nguyenlananh.com/en/admin/creators/","yes","yes","no","1","missing schema"
"en/admin/dashboard/index.html","Admin Dashboard | Nguyenlananh.com","64","https://www.nguyenlananh.com/en/admin/dashboard/","yes","yes","no","1","missing schema"
"en/admin/index.html","Admin Foundation | Nguyenlananh.com","155","https://www.nguyenlananh.com/en/admin/","yes","yes","no","1","missing schema"
"en/admin/members/index.html","Admin Members | Nguyenlananh.com","101","https://www.nguyenlananh.com/en/admin/members/","yes","yes","no","1","missing schema"
"en/admin/payments/index.html","Admin Payments | Nguyenlananh.com","125","https://www.nguyenlananh.com/en/admin/payments/","yes","yes","no","1","missing schema"
"en/admin/pilot/index.html","Admin Pilot | Nguyenlananh.com","151","https://www.nguyenlananh.com/en/admin/pilot/","yes","yes","no","1","missing schema"
"en/admin/reflection/index.html","Admin Reflection | Nguyenlananh.com","124","https://www.nguyenlananh.com/en/admin/reflection/","yes","yes","no","1","missing schema"
"en/admin/settings/index.html","Admin Settings | Nguyenlananh.com","142","https://www.nguyenlananh.com/en/admin/settings/","yes","yes","no","1","missing schema"
"en/assessments/avoidance-map/index.html","Avoidance Map | Lan Anh Nguyen","92","https://www.nguyenlananh.com/en/assessments/avoidance-map/","yes","yes","no","1","missing schema"
"en/assessments/personal-capital/index.html","Personal Capital Assessment | Lan Anh Nguyen","97","https://www.nguyenlananh.com/en/assessments/personal-capital/","yes","yes","no","1","missing schema"
"en/bai-viet/[slug]/index.html","Mau route bai viet | Nguyenlananh.com","130","https://www.nguyenlananh.com/en/bai-viet/[slug]/","yes","yes","no","1","missing schema"
"en/bai-viet/am-thanh-tu-than-khi-mot-tieng-hat-tro-thanh-cach-tro-ve/index.html","Self-Sound Practice: When a Small Song Becomes a Way Back","152","https://www.nguyenlananh.com/en/bai-viet/am-thanh-tu-than-khi-mot-tieng-hat-tro-thanh-cach-tro-ve/","yes","yes","yes","1","ok"
"en/bai-viet/ban-do-vong-lap-ca-nhan/index.html","Your Personal Loop Map: 7 Loops Running Your Life","110","https://www.nguyenlananh.com/en/bai-viet/ban-do-vong-lap-ca-nhan/","yes","yes","yes","1","ok"
"en/bai-viet/ban-khong-thieu-kien-thuc/index.html","You Do Not Lack Knowledge, You Lack Clarity | Nguyenlananh.com","122","https://www.nguyenlananh.com/en/bai-viet/ban-khong-thieu-kien-thuc/","yes","yes","yes","1","ok"
"en/bai-viet/bon-truc-thay-doi/index.html","The Four Axes of Change | Nguyenlananh.com","132","https://www.nguyenlananh.com/en/bai-viet/bon-truc-thay-doi/","yes","yes","yes","1","ok"
"en/bai-viet/cai-choi/index.html","The Broom — Small Work That Makes Life Clear Again","138","https://www.nguyenlananh.com/en/bai-viet/cai-choi/","yes","yes","yes","1","ok"
"en/bai-viet/chi-can-dung/index.html","Your Life Does Not Need Optimization, Only Alignment","90","https://www.nguyenlananh.com/en/bai-viet/chi-can-dung/","yes","yes","yes","1","ok"
"en/bai-viet/chu-tam-sau/index.html","Deep Focus: Recovering the Attention You Lost","139","https://www.nguyenlananh.com/en/bai-viet/chu-tam-sau/","yes","yes","yes","1","ok"
"en/bai-viet/chua-tung-co-huong/index.html","You Have Not Lost Direction, You Never Truly Had One","87","https://www.nguyenlananh.com/en/bai-viet/chua-tung-co-huong/","yes","yes","yes","1","ok"
"en/bai-viet/chuyen-muc/dau-tu-ban-than/index.html","Self-Investment | Articles | Nguyenlananh.com","97","https://www.nguyenlananh.com/en/bai-viet/chuyen-muc/dau-tu-ban-than/","yes","yes","yes","1","ok"
"en/bai-viet/chuyen-muc/di-vao-ben-trong/index.html","Inner Work | Articles | Nguyenlananh.com","102","https://www.nguyenlananh.com/en/bai-viet/chuyen-muc/di-vao-ben-trong/","yes","yes","yes","1","ok"
"en/bai-viet/chuyen-muc/du-an-nhat-ky/index.html","Project Journal | Articles | Nguyenlananh.com","81","https://www.nguyenlananh.com/en/bai-viet/chuyen-muc/du-an-nhat-ky/","yes","yes","yes","1","ok"
"en/bai-viet/chuyen-muc/gia-tri-noi-tai/index.html","Inner Value | Articles | Nguyenlananh.com","116","https://www.nguyenlananh.com/en/bai-viet/chuyen-muc/gia-tri-noi-tai/","yes","yes","yes","1","ok"
"en/bai-viet/chuyen-muc/lao-dong-sang-tao/index.html","Labor and Creation | Articles | Nguyenlananh.com","70","https://www.nguyenlananh.com/en/bai-viet/chuyen-muc/lao-dong-sang-tao/","yes","yes","yes","1","ok"
"en/bai-viet/chuyen-muc/mon-hoc-don-dep/index.html","Decluttering Practice | Articles | Nguyenlananh.com","108","https://www.nguyenlananh.com/en/bai-viet/chuyen-muc/mon-hoc-don-dep/","yes","yes","yes","1","ok"
"en/bai-viet/co-don-khong-phai-vi-thieu-nguoi/index.html","Loneliness Is a Self-Disconnect | Nguyenlananh.com","140","https://www.nguyenlananh.com/en/bai-viet/co-don-khong-phai-vi-thieu-nguoi/","yes","yes","yes","1","ok"
"en/bai-viet/co-nguoi-can-dung-lai/index.html","Not Everyone Needs Growth, Some People Need to Pause","98","https://www.nguyenlananh.com/en/bai-viet/co-nguoi-can-dung-lai/","yes","yes","yes","1","ok"
"en/bai-viet/cong-dong-song-moi/index.html","New Living Community | Nguyenlananh.com","139","https://www.nguyenlananh.com/en/bai-viet/cong-dong-song-moi/","yes","yes","no","1","missing schema"
"en/bai-viet/dau-tu-ban-than/index.html","Investing in Yourself | Article Hub | Nguyenlananh.com","92","https://www.nguyenlananh.com/en/bai-viet/dau-tu-ban-than/","yes","yes","no","1","missing schema"
"en/bai-viet/dau-tu-ban-than-hoc-tap-nhan-thuc-cao-hon/index.html","Investing in Yourself Through Higher Awareness | Nguyenlananh.com","91","https://www.nguyenlananh.com/en/bai-viet/dau-tu-ban-than-hoc-tap-nhan-thuc-cao-hon/","yes","yes","yes","1","ok"
"en/bai-viet/dau-tu-ban-than-khong-ao-tuong-doi-doi/index.html","Investing in Yourself Without the Life-Change Illusion","154","https://www.nguyenlananh.com/en/bai-viet/dau-tu-ban-than-khong-ao-tuong-doi-doi/","yes","yes","yes","1","ok"
"en/bai-viet/dau-tu-hien-tai-tu-do-tuong-lai/index.html","Invest in the Present, Free Your Future | Nguyenlananh.com","82","https://www.nguyenlananh.com/en/bai-viet/dau-tu-hien-tai-tu-do-tuong-lai/","yes","yes","yes","1","ok"
"en/bai-viet/di-vao-ben-trong/index.html","Di vao ben trong | Bai viet | Nguyenlananh.com","75","https://www.nguyenlananh.com/en/bai-viet/di-vao-ben-trong/","yes","yes","no","1","missing schema"
"en/bai-viet/di-vao-ben-trong-giai-ma-nhung-gi-dang-van-hanh-ban/index.html","Going Inward: Decoding What Is Running You | Nguyenlananh.com","110","https://www.nguyenlananh.com/en/bai-viet/di-vao-ben-trong-giai-ma-nhung-gi-dang-van-hanh-ban/","yes","yes","no","1","missing schema"
"en/bai-viet/dieu-ban-dang-tranh/index.html","What You Avoid Is Exactly What You Need to See | Nguyenlananh.com","106","https://www.nguyenlananh.com/en/bai-viet/dieu-ban-dang-tranh/","yes","yes","yes","1","ok"
"en/bai-viet/dieu-dang-tiec-nhat-khi-ket-thuc-mot-kiep-song/index.html","The Deepest Regret at the End of a Life | Nguyenlananh.com","108","https://www.nguyenlananh.com/en/bai-viet/dieu-dang-tiec-nhat-khi-ket-thuc-mot-kiep-song/","yes","yes","yes","1","ok"
"en/bai-viet/dieu-tre-em-can-khong-chi-la-day-dung/index.html","What Children Need Is More Than Correct Instruction","126","https://www.nguyenlananh.com/en/bai-viet/dieu-tre-em-can-khong-chi-la-day-dung/","yes","yes","yes","1","ok"
"en/bai-viet/dong-chay-sang-tao-dong-chay-su-song/index.html","Creative Flow, Life Flow | Nguyenlananh.com","106","https://www.nguyenlananh.com/en/bai-viet/dong-chay-sang-tao-dong-chay-su-song/","yes","yes","yes","1","ok"
"en/bai-viet/du-an-37-ngay/index.html","The 37-Day Project | Nguyenlananh.com","88","https://www.nguyenlananh.com/en/bai-viet/du-an-37-ngay/","yes","yes","yes","1","ok"
"en/bai-viet/du-an-buoc/index.html","Project STEP | Nguyenlananh.com","94","https://www.nguyenlananh.com/en/bai-viet/du-an-buoc/","yes","yes","yes","1","ok"
"en/bai-viet/du-an-nhat-ky/index.html","Journal project | Bai viet | Nguyenlananh.com","135","https://www.nguyenlananh.com/en/bai-viet/du-an-nhat-ky/","yes","yes","no","1","missing schema"
"en/bai-viet/gan-duc-khoi-trong/index.html","Clear the Mud, Open the Source | Nguyenlananh.com","118","https://www.nguyenlananh.com/en/bai-viet/gan-duc-khoi-trong/","yes","yes","no","1","missing schema"
"en/bai-viet/gia-dinh-khong-chi-la-noi-ta-lon-len/index.html","Family Is Not Only Where We Grow Up | Nguyenlananh.com","157","https://www.nguyenlananh.com/en/bai-viet/gia-dinh-khong-chi-la-noi-ta-lon-len/","yes","yes","yes","1","ok"
"en/bai-viet/gia-tri-cuoc-doi-ban-dang-gia-bao-nhieu/index.html","How Much Is Your Life Actually Worth? | Nguyenlananh.com","79","https://www.nguyenlananh.com/en/bai-viet/gia-tri-cuoc-doi-ban-dang-gia-bao-nhieu/","yes","yes","yes","1","ok"
"en/bai-viet/gia-tri-nao-la-vinh-cuu-truoc-song-gio/index.html","What Value Endures Before Any Storm? | Nguyenlananh.com","92","https://www.nguyenlananh.com/en/bai-viet/gia-tri-nao-la-vinh-cuu-truoc-song-gio/","yes","yes","yes","1","ok"
"en/bai-viet/gia-tri-noi-tai/index.html","Inner Value | Articles | Nguyenlananh.com","77","https://www.nguyenlananh.com/en/bai-viet/gia-tri-noi-tai/","yes","yes","no","1","missing schema"
"en/bai-viet/hanh-trinh-di-vao-ben-trong/index.html","The Journey Inward | Nguyenlananh.com","97","https://www.nguyenlananh.com/en/bai-viet/hanh-trinh-di-vao-ben-trong/","yes","yes","yes","1","ok"
"en/bai-viet/he-gia-dinh-noi-phan-xa-duoc-hoc/index.html","Family Systems — Where Reactions Are Learned | Nguyenlananh.com","158","https://www.nguyenlananh.com/en/bai-viet/he-gia-dinh-noi-phan-xa-duoc-hoc/","yes","yes","yes","1","ok"
"en/bai-viet/he-gia-dinh-va-goc-re/index.html","Family System and Roots: Untangling Generational Loops","103","https://www.nguyenlananh.com/en/bai-viet/he-gia-dinh-va-goc-re/","yes","yes","yes","1","ok"
"en/bai-viet/hieu-cuoc-doi-minh/index.html","You Do Not Need to Change Your Life, You Need to Understand It","111","https://www.nguyenlananh.com/en/bai-viet/hieu-cuoc-doi-minh/","yes","yes","yes","1","ok"
"en/bai-viet/hoc-tap-sang-tao-truong-thanh/index.html","Learning, Creating, Growing | Nguyenlananh.com","108","https://www.nguyenlananh.com/en/bai-viet/hoc-tap-sang-tao-truong-thanh/","yes","yes","yes","1","ok"
"en/bai-viet/hoi-sinh-su-song-tu-su-sang-tao-nguyen-so/index.html","Reviving Life Through Original Creativity | Nguyenlananh.com","97","https://www.nguyenlananh.com/en/bai-viet/hoi-sinh-su-song-tu-su-sang-tao-nguyen-so/","yes","yes","yes","1","ok"
"en/bai-viet/im-lang-noi-ban-van-dang-ne/index.html","Silence — The Place You Keep Avoiding | Nguyenlananh.com","126","https://www.nguyenlananh.com/en/bai-viet/im-lang-noi-ban-van-dang-ne/","yes","yes","yes","1","ok"
"en/bai-viet/index.html","Articles | Nguyenlananh.com","123","https://www.nguyenlananh.com/en/bai-viet/","yes","yes","no","1","missing schema"
"en/bai-viet/ket-noi-linh-hon-vat-the/index.html","Connecting with the Soul of Objects | Nguyenlananh.com","99","https://www.nguyenlananh.com/en/bai-viet/ket-noi-linh-hon-vat-the/","yes","yes","yes","1","ok"
"en/bai-viet/ket-noi-sang-tao/index.html","Reconnecting with Creativity | Nguyenlananh.com","87","https://www.nguyenlananh.com/en/bai-viet/ket-noi-sang-tao/","yes","yes","yes","1","ok"
"en/bai-viet/khi-doi-song-bat-dau-roi-khoi-tay-minh/index.html","When Life Starts Slipping From Your Hands | Lan Anh Nguyen","137","https://www.nguyenlananh.com/en/bai-viet/khi-doi-song-bat-dau-roi-khoi-tay-minh/","yes","yes","yes","1","ok"
"en/bai-viet/khi-moi-truong-khong-con-phu-hop/index.html","When the Environment No Longer Fits | Nguyenlananh.com","85","https://www.nguyenlananh.com/en/bai-viet/khi-moi-truong-khong-con-phu-hop/","yes","yes","no","1","missing schema"
"en/bai-viet/khi-mot-goc-nha-duoc-dat-lai-dung-cho/index.html","When a Corner of Your Home Is Reset | Lan Anh Nguyen","131","https://www.nguyenlananh.com/en/bai-viet/khi-mot-goc-nha-duoc-dat-lai-dung-cho/","yes","yes","yes","1","ok"
"en/bai-viet/khoi-tu-tam/index.html","Beginning from the Core | Nguyenlananh.com","104","https://www.nguyenlananh.com/en/bai-viet/khoi-tu-tam/","yes","yes","no","1","missing schema"
"en/bai-viet/khong-phai-ban-thieu-ky-luat-ma-thieu-mot-nhip-song-that/index.html","Not Discipline You Lack — a True Rhythm | Lan Anh Nguyen","109","https://www.nguyenlananh.com/en/bai-viet/khong-phai-ban-thieu-ky-luat-ma-thieu-mot-nhip-song-that/","yes","yes","yes","1","ok"
"en/bai-viet/kien-tao-mot-doi-song-y-nghia/index.html","Designing a Meaningful Life | Nguyenlananh.com","106","https://www.nguyenlananh.com/en/bai-viet/kien-tao-mot-doi-song-y-nghia/","yes","yes","yes","1","ok"
"en/bai-viet/kinh-te-cua-su-ro-rang/index.html","The Economics of Clarity: Inner-Capital Investment","115","https://www.nguyenlananh.com/en/bai-viet/kinh-te-cua-su-ro-rang/","yes","yes","yes","1","ok"
"en/bai-viet/lao-dong-sang-tao/index.html","Lao dong sang tao | Bai viet | Nguyenlananh.com","115","https://www.nguyenlananh.com/en/bai-viet/lao-dong-sang-tao/","yes","yes","no","1","missing schema"
"en/bai-viet/lao-dong-sang-tao-he-van-hanh/index.html","Creative Labor as an Operating System for Life","111","https://www.nguyenlananh.com/en/bai-viet/lao-dong-sang-tao-he-van-hanh/","yes","yes","yes","1","ok"
"en/bai-viet/lao-dong-sang-tao-khong-phai-dau-ra-ma-la-cach-song/index.html","Creative Labor — Not Output, But a Way of Living","154","https://www.nguyenlananh.com/en/bai-viet/lao-dong-sang-tao-khong-phai-dau-ra-ma-la-cach-song/","yes","yes","yes","1","ok"
"en/bai-viet/minh-dang-di-con-duong-gi/index.html","What Path Am I Really On? | Nguyenlananh.com","102","https://www.nguyenlananh.com/en/bai-viet/minh-dang-di-con-duong-gi/","yes","yes","yes","1","ok"
"en/bai-viet/moi-truong-la-nguoi-thay-vo-hinh/index.html","Environment — The Invisible Teacher | Nguyenlananh.com","120","https://www.nguyenlananh.com/en/bai-viet/moi-truong-la-nguoi-thay-vo-hinh/","yes","yes","yes","1","ok"
"en/bai-viet/mon-hoc-don-dep/index.html","The Cleaning Practice | Article Hub | Nguyenlananh.com","81","https://www.nguyenlananh.com/en/bai-viet/mon-hoc-don-dep/","yes","yes","no","1","missing schema"
"en/bai-viet/mon-hoc-don-dep-tong-quan/index.html","The Cleaning Practice: A Foundational View | Nguyenlananh.com","97","https://www.nguyenlananh.com/en/bai-viet/mon-hoc-don-dep-tong-quan/","yes","yes","yes","1","ok"
"en/bai-viet/mot-nguoi-dong-hanh-dung-khong-keo-ban-di-nhanh-hon/index.html","The Right Companion Stays So You Can Walk Alone | Lan Anh Nguyen","136","https://www.nguyenlananh.com/en/bai-viet/mot-nguoi-dong-hanh-dung-khong-keo-ban-di-nhanh-hon/","yes","yes","yes","1","ok"
"en/bai-viet/neu-minh-sai-thi-sao/index.html","If You Are Wrong, So What? | Nguyenlananh.com","115","https://www.nguyenlananh.com/en/bai-viet/neu-minh-sai-thi-sao/","yes","yes","no","1","missing schema"
"en/bai-viet/nghe-lai-thu-minh-da-im-lang-qua-lau/index.html","Listen Again: What You Silenced Too Long | Lan Anh Nguyen","97","https://www.nguyenlananh.com/en/bai-viet/nghe-lai-thu-minh-da-im-lang-qua-lau/","yes","yes","yes","1","ok"
"en/bai-viet/ngoi-nha-thu-2/index.html","Second home | Nguyenlananh.com","126","https://www.nguyenlananh.com/en/bai-viet/ngoi-nha-thu-2/","yes","yes","no","1","missing schema"
"en/bai-viet/ngoi-nha-thu-hai-noi-ban-dang-song-moi-ngay/index.html","Your Second Home and Work Environment | Nguyenlananh.com","120","https://www.nguyenlananh.com/en/bai-viet/ngoi-nha-thu-hai-noi-ban-dang-song-moi-ngay/","yes","yes","no","1","missing schema"
"en/bai-viet/nhat-ky-37-ngay-lam-chu-ngay-1/index.html","37-Day Self-Mastery Journal – Day 1 | Nguyenlananh.com","123","https://www.nguyenlananh.com/en/bai-viet/nhat-ky-37-ngay-lam-chu-ngay-1/","yes","yes","no","1","missing schema"
"en/bai-viet/nhung-vong-lap-ban-chua-goi-ten/index.html","Loops — What You Have Not Named Yet | Nguyenlananh.com","121","https://www.nguyenlananh.com/en/bai-viet/nhung-vong-lap-ban-chua-goi-ten/","yes","yes","yes","1","ok"
"en/bai-viet/nuoi-day-tre-khong-lam-gay-tu-nhien/index.html","Raising Children Without Breaking Their Nature | Nguyenlananh.com","137","https://www.nguyenlananh.com/en/bai-viet/nuoi-day-tre-khong-lam-gay-tu-nhien/","yes","yes","yes","1","ok"
"en/bai-viet/quan-tri-nang-luong/index.html","Energy Management: Design Your Day Around Your Rhythm","148","https://www.nguyenlananh.com/en/bai-viet/quan-tri-nang-luong/","yes","yes","yes","1","ok"
"en/bai-viet/quet-la-va-viec-hoc/index.html","Sweeping Leaves and the Way We Learn | Nguyenlananh.com","89","https://www.nguyenlananh.com/en/bai-viet/quet-la-va-viec-hoc/","yes","yes","yes","1","ok"
"en/bai-viet/ranh-gioi-lanh-manh/index.html","Healthy Boundaries: Saying No Without the Guilt","147","https://www.nguyenlananh.com/en/bai-viet/ranh-gioi-lanh-manh/","yes","yes","yes","1","ok"
"en/bai-viet/sai-moi-truong/index.html","You Are Not Less Capable, You Are in the Wrong Place","113","https://www.nguyenlananh.com/en/bai-viet/sai-moi-truong/","yes","yes","yes","1","ok"
"en/bai-viet/song-sai-nhip/index.html","You Are Not Tired from Doing Too Much, You Are Out of Rhythm","110","https://www.nguyenlananh.com/en/bai-viet/song-sai-nhip/","yes","yes","yes","1","ok"
"en/bai-viet/song-theo-dong-chay/index.html","Living in Flow | Nguyenlananh.com","130","https://www.nguyenlananh.com/en/bai-viet/song-theo-dong-chay/","yes","yes","no","1","missing schema"
"en/bai-viet/song-theo-thoi-quen/index.html","You Are Living by Habit, Not Choice | Nguyenlananh.com","114","https://www.nguyenlananh.com/en/bai-viet/song-theo-thoi-quen/","yes","yes","yes","1","ok"
"en/bai-viet/su-du-va-tien-bac/index.html","Enough: Escaping the Scarcity Loop in Money Psychology","143","https://www.nguyenlananh.com/en/bai-viet/su-du-va-tien-bac/","yes","yes","yes","1","ok"
"en/bai-viet/tai-thiet-khong-gian-song/index.html","Rebuilding Your Living Space: Decluttering for Real Change","111","https://www.nguyenlananh.com/en/bai-viet/tai-thiet-khong-gian-song/","yes","yes","yes","1","ok"
"en/bai-viet/thieu-su-that/index.html","You Do Not Lack Motivation, You Lack Truth | Nguyenlananh.com","100","https://www.nguyenlananh.com/en/bai-viet/thieu-su-that/","yes","yes","yes","1","ok"
"en/bai-viet/truong-thanh-thong-qua-mon-hoc-don-dep/index.html","Growing Through the Cleaning Practice | Nguyenlananh.com","87","https://www.nguyenlananh.com/en/bai-viet/truong-thanh-thong-qua-mon-hoc-don-dep/","yes","yes","yes","1","ok"
"en/bai-viet/tu-55-trieu-den-tu-do/index.html","From 55 Million to Freedom | Nguyenlananh.com","94","https://www.nguyenlananh.com/en/bai-viet/tu-55-trieu-den-tu-do/","yes","yes","yes","1","ok"
"en/bai-viet/viet-phan-tu/index.html","Reflective Writing: Using the Page to Understand Yourself","147","https://www.nguyenlananh.com/en/bai-viet/viet-phan-tu/","yes","yes","yes","1","ok"
"en/bai-viet/vu-tru-vat-chat/index.html","The Material World | Nguyenlananh.com","111","https://www.nguyenlananh.com/en/bai-viet/vu-tru-vat-chat/","yes","yes","no","1","missing schema"
"en/bat-dau/7-ngay-thiet-lap-nhip-song-moi/index.html","Seven days to build a new rhythm | Guide","157","https://www.nguyenlananh.com/en/bat-dau/7-ngay-thiet-lap-nhip-song-moi/","yes","yes","yes","1","ok"
"en/bat-dau/bat-dau-trong-15-phut/index.html","Start with Nguyenlananh.com in 15 minutes | Guide","157","https://www.nguyenlananh.com/en/bat-dau/bat-dau-trong-15-phut/","yes","yes","yes","1","ok"
"en/bat-dau/index.html","Guide — Start with Nguyenlananh.com | Nguyenlananh.com","146","https://www.nguyenlananh.com/en/bat-dau/","yes","yes","no","1","missing schema"
"en/bat-dau/vi-sao-day-la-mot-he-thuc-hanh/index.html","Why Nguyenlananh.com is a practice system | Guide","149","https://www.nguyenlananh.com/en/bat-dau/vi-sao-day-la-mot-he-thuc-hanh/","yes","yes","yes","1","ok"
"en/certification/practice-companion-level-1/index.html","Practice Companion — Level 1 | Lan Anh Nguyen","92","https://www.nguyenlananh.com/en/certification/practice-companion-level-1/","yes","yes","no","1","missing schema"
"en/certification/practice-method-designer/index.html","Practice Method Designer | Lan Anh Nguyen","93","https://www.nguyenlananh.com/en/certification/practice-method-designer/","yes","yes","no","1","missing schema"
"en/chinh-sach-bao-mat/index.html","Privacy Policy | Nguyenlananh.com","145","https://www.nguyenlananh.com/en/chinh-sach-bao-mat/","yes","yes","no","1","missing schema"
"en/chuong-trinh/ban-do-vong-lap/index.html","The Loop Map Kit — 21 days | Programs | Nguyenlananh.com","161","https://www.nguyenlananh.com/en/chuong-trinh/ban-do-vong-lap/","yes","yes","yes","1","ok"
"en/chuong-trinh/bo-chu-tam-sau/index.html","The Deep Focus Kit — 21 days | Programs | Nguyenlananh.com","133","https://www.nguyenlananh.com/en/chuong-trinh/bo-chu-tam-sau/","yes","yes","yes","1","ok"
"en/chuong-trinh/bo-quan-tri-nang-luong/index.html","The Energy Management Kit — 14 days | Programs | Nguyenlananh.com","144","https://www.nguyenlananh.com/en/chuong-trinh/bo-quan-tri-nang-luong/","yes","yes","yes","1","ok"
"en/chuong-trinh/bo-ranh-gioi/index.html","The Boundaries Kit — 14 days | Programs | Nguyenlananh.com","133","https://www.nguyenlananh.com/en/chuong-trinh/bo-ranh-gioi/","yes","yes","yes","1","ok"
"en/chuong-trinh/dau-tu-noi-tai/index.html","Inner Investment — 90 days | Programs | Nguyenlananh.com","155","https://www.nguyenlananh.com/en/chuong-trinh/dau-tu-noi-tai/","yes","yes","yes","1","ok"
"en/chuong-trinh/gia-dinh-goc-re/index.html","Family &amp; Roots — 8 weeks | Programs | Nguyenlananh.com","135","https://www.nguyenlananh.com/en/chuong-trinh/gia-dinh-goc-re/","yes","yes","yes","1","ok"
"en/chuong-trinh/index.html","Programs | Nguyenlananh.com","97","https://www.nguyenlananh.com/en/chuong-trinh/","yes","yes","no","1","missing schema"
"en/chuong-trinh/nhat-ky-phan-tu/index.html","The Reflective Journal — 30 days | Programs | Nguyenlananh.com","163","https://www.nguyenlananh.com/en/chuong-trinh/nhat-ky-phan-tu/","yes","yes","yes","1","ok"
"en/chuong-trinh/so-tay-su-du/index.html","The Enough Workbook — 30 days | Programs | Nguyenlananh.com","140","https://www.nguyenlananh.com/en/chuong-trinh/so-tay-su-du/","yes","yes","yes","1","ok"
"en/chuong-trinh/tai-thiet-khong-gian/index.html","Space Rebuild — 30 days | Programs | Nguyenlananh.com","124","https://www.nguyenlananh.com/en/chuong-trinh/tai-thiet-khong-gian/","yes","yes","yes","1","ok"
"en/chuong-trinh/xuong-sang-tao/index.html","The Creative Labor Studio | Programs | Nguyenlananh.com","164","https://www.nguyenlananh.com/en/chuong-trinh/xuong-sang-tao/","yes","yes","yes","1","ok"
"en/dieu-khoan/index.html","Terms of Use | Nguyenlananh.com","147","https://www.nguyenlananh.com/en/dieu-khoan/","yes","yes","no","1","missing schema"
"en/du-an/du-an-37-ngay/index.html","37-Day Project | Nguyenlananh.com","81","https://www.nguyenlananh.com/en/du-an/du-an-37-ngay/","yes","yes","no","1","missing schema"
"en/du-an/du-an-buoc/index.html","BUOC Project | Nguyenlananh.com","95","https://www.nguyenlananh.com/en/du-an/du-an-buoc/","yes","yes","no","1","missing schema"
"en/du-an/index.html","Practice Projects — Daily Life Mastery | Nguyenlananh.com","163","https://www.nguyenlananh.com/en/du-an/","yes","yes","no","1","missing schema"
"en/faq/index.html","FAQ — Common questions about the system | Nguyenlananh.com","94","https://www.nguyenlananh.com/en/faq/","yes","yes","yes","1","ok"
"en/gioi-thieu/index.html","About Lan Anh Nguyen — Story and method | Nguyenlananh.com","112","https://www.nguyenlananh.com/en/gioi-thieu/","yes","yes","no","1","missing schema"
"en/hanh-trinh/index.html","Journey | Nguyenlananh.com","76","https://www.nguyenlananh.com/en/hanh-trinh/","yes","yes","no","1","missing schema"
"en/index.html","Nguyenlananh.com | Go within to take back your life","131","https://www.nguyenlananh.com/en/","yes","yes","yes","1","ok"
"en/join/cancel/index.html","Payment cancelled | Nguyenlananh.com","116","https://www.nguyenlananh.com/en/join/cancel/","yes","yes","no","1","missing schema"
"en/join/index.html","Register Membership | Nguyenlananh.com","124","https://www.nguyenlananh.com/en/join/","yes","yes","no","1","missing schema"
"en/join/retry/index.html","Retry payment | Nguyenlananh.com","98","https://www.nguyenlananh.com/en/join/retry/","yes","yes","no","1","missing schema"
"en/join/success/index.html","Payment confirmation | Nguyenlananh.com","107","https://www.nguyenlananh.com/en/join/success/","yes","yes","no","1","missing schema"
"en/lien-he/index.html","Contact | Nguyenlananh.com","100","https://www.nguyenlananh.com/en/lien-he/","yes","yes","no","1","missing schema"
"en/members/circle/index.html","Quiet Practice Circle | Nguyenlananh.com","132","https://www.nguyenlananh.com/en/members/circle/","yes","yes","no","1","missing schema"
"en/members/creator/guidelines/index.html","Creator Guidelines | Nguyenlananh.com","136","https://www.nguyenlananh.com/en/members/creator/guidelines/","yes","yes","no","1","missing schema"
"en/members/creator/index.html","Creator Layer | Nguyenlananh.com","101","https://www.nguyenlananh.com/en/members/creator/","yes","yes","no","1","missing schema"
"en/members/creator/library/index.html","Creator Library | Nguyenlananh.com","73","https://www.nguyenlananh.com/en/members/creator/library/","yes","yes","no","1","missing schema"
"en/members/creator/revenue-share/index.html","Creator Operations | Nguyenlananh.com","126","https://www.nguyenlananh.com/en/members/creator/revenue-share/","yes","yes","no","1","missing schema"
"en/members/creator/submit/index.html","Creator Submit | Nguyenlananh.com","126","https://www.nguyenlananh.com/en/members/creator/submit/","yes","yes","no","1","missing schema"
"en/members/dashboard/index.html","Members Dashboard | Nguyenlananh.com","90","https://www.nguyenlananh.com/en/members/dashboard/","yes","yes","no","1","missing schema"
"en/members/deep/am-thanh-tu-than/index.html","Members Deep | Self-Sound Practice and the Inner Voice","104","https://www.nguyenlananh.com/en/members/deep/am-thanh-tu-than/","yes","yes","no","1","missing schema"
"en/members/deep/ban-do-vong-lap/index.html","Members Deep | Loop Map and Hidden Friction Points","147","https://www.nguyenlananh.com/en/members/deep/ban-do-vong-lap/","yes","yes","no","1","missing schema"
"en/members/deep/dau-tu-noi-tai/index.html","Inner Capital Investment | Lan Anh Nguyen","139","https://www.nguyenlananh.com/en/members/deep/dau-tu-noi-tai/","yes","yes","no","1","missing schema"
"en/members/deep/doi-thoai-chua-lanh-trong-nha/index.html","Members Deep | Restorative Dialogue at Home","120","https://www.nguyenlananh.com/en/members/deep/doi-thoai-chua-lanh-trong-nha/","yes","yes","no","1","missing schema"
"en/members/deep/gia-dinh-va-goc-re/index.html","Members Deep | Family and What Gets Passed Through Us","135","https://www.nguyenlananh.com/en/members/deep/gia-dinh-va-goc-re/","yes","yes","no","1","missing schema"
"en/members/deep/index.html","Members Deep | Nguyenlananh.com","89","https://www.nguyenlananh.com/en/members/deep/","yes","yes","no","1","missing schema"
"en/members/deep/ky-luat-nhe-va-nhip-song-moi/index.html","Members Deep | Gentle Discipline and a New Rhythm","131","https://www.nguyenlananh.com/en/members/deep/ky-luat-nhe-va-nhip-song-moi/","yes","yes","no","1","missing schema"
"en/members/deep/lao-dong-vat-the-va-su-truong-thanh/index.html","Members Deep | Labor, Objects, and Maturity","135","https://www.nguyenlananh.com/en/members/deep/lao-dong-vat-the-va-su-truong-thanh/","yes","yes","no","1","missing schema"
"en/members/deep/moi-truong-song-nhu-mot-than-the-thu-hai/index.html","Members Deep | The Living Environment as a Second Body","140","https://www.nguyenlananh.com/en/members/deep/moi-truong-song-nhu-mot-than-the-thu-hai/","yes","yes","no","1","missing schema"
"en/members/deep/ranh-gioi-mem-trong-gia-dinh/index.html","Members Deep | Soft Boundaries Inside Family Life","122","https://www.nguyenlananh.com/en/members/deep/ranh-gioi-mem-trong-gia-dinh/","yes","yes","no","1","missing schema"
"en/members/deep/tai-thiet-khong-gian/index.html","Members Deep | Space Reconstruction","154","https://www.nguyenlananh.com/en/members/deep/tai-thiet-khong-gian/","yes","yes","no","1","missing schema"
"en/members/deep/tre-em-va-khong-gian-lon-len/index.html","Accompanying Children Without Breaking What Is Natural","143","https://www.nguyenlananh.com/en/members/deep/tre-em-va-khong-gian-lon-len/","yes","yes","no","1","missing schema"
"en/members/deep/tre-em-va-nhip-song-so/index.html","Members Deep | Children and the Digital Rhythm","129","https://www.nguyenlananh.com/en/members/deep/tre-em-va-nhip-song-so/","yes","yes","no","1","missing schema"
"en/members/deep/xuong-sang-tao/index.html","Members Deep | Creative Workshop &amp; Transformative Labor","142","https://www.nguyenlananh.com/en/members/deep/xuong-sang-tao/","yes","yes","no","1","missing schema"
"en/members/experience/index.html","Members Experience | Nguyenlananh.com","88","https://www.nguyenlananh.com/en/members/experience/","yes","yes","no","1","missing schema"
"en/members/index.html","Membership | Nguyenlananh.com","143","https://www.nguyenlananh.com/en/members/","yes","yes","no","1","missing schema"
"en/members/journey/day-1/index.html","Journey Day 1 | Nguyenlananh.com","88","https://www.nguyenlananh.com/en/members/journey/day-1/","yes","yes","no","1","missing schema"
"en/members/journey/day-2/index.html","Journey Day 2 | Nguyenlananh.com","75","https://www.nguyenlananh.com/en/members/journey/day-2/","yes","yes","no","1","missing schema"
"en/members/journey/day-7/index.html","Journey Day 7 | Nguyenlananh.com","78","https://www.nguyenlananh.com/en/members/journey/day-7/","yes","yes","no","1","missing schema"
"en/members/journey/index.html","Members Journey | Nguyenlananh.com","75","https://www.nguyenlananh.com/en/members/journey/","yes","yes","no","1","missing schema"
"en/members/pilot/index.html","14-Day Pilot | Nguyenlananh.com","121","https://www.nguyenlananh.com/en/members/pilot/","yes","yes","no","1","missing schema"
"en/members/practice/index.html","Members Practice | Nguyenlananh.com","149","https://www.nguyenlananh.com/en/members/practice/","yes","yes","no","1","missing schema"
"en/members/pro/children/index.html","Pro Children and Education Environment | Nguyenlananh.com","120","https://www.nguyenlananh.com/en/members/pro/children/","yes","yes","no","1","missing schema"
"en/members/pro/creation/index.html","Pro Creation | Nguyenlananh.com","71","https://www.nguyenlananh.com/en/members/pro/creation/","yes","yes","no","1","missing schema"
"en/members/pro/discipline/index.html","Pro Discipline | Nguyenlananh.com","133","https://www.nguyenlananh.com/en/members/pro/discipline/","yes","yes","no","1","missing schema"
"en/members/pro/environment/index.html","Pro Environment | Nguyenlananh.com","141","https://www.nguyenlananh.com/en/members/pro/environment/","yes","yes","no","1","missing schema"
"en/members/pro/family/index.html","Pro Family and Relationship Systems | Nguyenlananh.com","130","https://www.nguyenlananh.com/en/members/pro/family/","yes","yes","no","1","missing schema"
"en/members/pro/index.html","Members Pro Layer | Nguyenlananh.com","131","https://www.nguyenlananh.com/en/members/pro/","yes","yes","no","1","missing schema"
"en/members/pro/inner/index.html","Pro Inner Work | Nguyenlananh.com","79","https://www.nguyenlananh.com/en/members/pro/inner/","yes","yes","no","1","missing schema"
"en/members/pro/reset/index.html","Pro Reset Life | Nguyenlananh.com","75","https://www.nguyenlananh.com/en/members/pro/reset/","yes","yes","no","1","missing schema"
"en/members/pro/wealth/index.html","Pro Wealth | Nguyenlananh.com","80","https://www.nguyenlananh.com/en/members/pro/wealth/","yes","yes","no","1","missing schema"
"en/members/reflection/index.html","Human Reflection Handoff | Nguyenlananh.com","127","https://www.nguyenlananh.com/en/members/reflection/","yes","yes","no","1","missing schema"
"en/members/start/index.html","Start Companion Flow | Nguyenlananh.com","146","https://www.nguyenlananh.com/en/members/start/","yes","yes","no","1","missing schema"
"en/mien-tru-trach-nhiem/index.html","Disclaimer | Nguyenlananh.com","75","https://www.nguyenlananh.com/en/mien-tru-trach-nhiem/","yes","yes","no","1","missing schema"
"en/phuong-phap/index.html","Method | Nguyenlananh.com","114","https://www.nguyenlananh.com/en/phuong-phap/","yes","yes","no","1","missing schema"
"en/products/7-day-true-rhythm/index.html","7-Day True Rhythm — Find Your Natural Rhythm | Lan Anh Nguyen","111","https://www.nguyenlananh.com/en/products/7-day-true-rhythm/","yes","yes","no","1","missing schema"
"en/products/companion-circle/index.html","Companion Circle — 7 Days Together | Lan Anh Nguyen","111","https://www.nguyenlananh.com/en/products/companion-circle/","yes","yes","no","1","missing schema"
"en/products/core-access/index.html","Core Access — Year 1 | Lan Anh Nguyen","95","https://www.nguyenlananh.com/en/products/core-access/","yes","yes","no","1","missing schema"
"en/products/index.html","Practice Products — Micro-Products | Lan Anh Nguyen","148","https://www.nguyenlananh.com/en/products/","yes","yes","no","1","missing schema"
"en/products/inner-listening-kit/index.html","Inner Listening Kit — Hear the Voice Within | Lan Anh Nguyen","103","https://www.nguyenlananh.com/en/products/inner-listening-kit/","yes","yes","no","1","missing schema"
"en/products/life-reset-mini/index.html","Life Reset Mini — Reclaim a Piece of Your Life | Lan Anh Nguyen","90","https://www.nguyenlananh.com/en/products/life-reset-mini/","yes","yes","no","1","missing schema"
"en/products/one-corner-reset/index.html","One Corner Reset — Reset a Part of Life | Lan Anh Nguyen","134","https://www.nguyenlananh.com/en/products/one-corner-reset/","yes","yes","no","1","missing schema"
"en/products/year-2-continuity/index.html","Year 2 — Continuity | Lan Anh Nguyen","89","https://www.nguyenlananh.com/en/products/year-2-continuity/","yes","yes","no","1","missing schema"
"en/products/year-3-mastery/index.html","Year 3+ — Mastery | Lan Anh Nguyen","97","https://www.nguyenlananh.com/en/products/year-3-mastery/","yes","yes","no","1","missing schema"
"en/programs/boundary-foundation/index.html","Boundary Foundation | Lan Anh Nguyen","99","https://www.nguyenlananh.com/en/programs/boundary-foundation/","yes","yes","no","1","missing schema"
"en/programs/creative-practice-studio/index.html","Creative Practice Studio | Lan Anh Nguyen","96","https://www.nguyenlananh.com/en/programs/creative-practice-studio/","yes","yes","no","1","missing schema"
"en/programs/emotional-block-mapping/index.html","Emotional Block Mapping | Lan Anh Nguyen","76","https://www.nguyenlananh.com/en/programs/emotional-block-mapping/","yes","yes","no","1","missing schema"
"en/programs/family-pattern-mapping/index.html","Family Pattern Mapping | Lan Anh Nguyen","113","https://www.nguyenlananh.com/en/programs/family-pattern-mapping/","yes","yes","no","1","missing schema"
"en/programs/open-loop-closure-sprint/index.html","Open-Loop Closure Sprint | Lan Anh Nguyen","90","https://www.nguyenlananh.com/en/programs/open-loop-closure-sprint/","yes","yes","no","1","missing schema"
"en/programs/personal-after-action-review/index.html","Personal After-Action Review | Lan Anh Nguyen","100","https://www.nguyenlananh.com/en/programs/personal-after-action-review/","yes","yes","no","1","missing schema"
"en/programs/rhythm-design-lab/index.html","Rhythm Design Lab | Lan Anh Nguyen","85","https://www.nguyenlananh.com/en/programs/rhythm-design-lab/","yes","yes","no","1","missing schema"
"en/programs/self-trust-practice-lab/index.html","Self-Trust Practice Lab | Lan Anh Nguyen","98","https://www.nguyenlananh.com/en/programs/self-trust-practice-lab/","yes","yes","no","1","missing schema"
"en/programs/space-reset-practitioner/index.html","Space Reset Practitioner | Lan Anh Nguyen","119","https://www.nguyenlananh.com/en/programs/space-reset-practitioner/","yes","yes","no","1","missing schema"
"en/tai-lieu/index.html","Official Documentation — Nguyenlananh.com | The full truth about the system, products, pricing, roadmap","186","https://docs.nguyenlananh.com/en/","yes","yes","yes","1","ok"
"faq/index.html","Câu hỏi thường gặp | Nguyenlananh.com","93","https://www.nguyenlananh.com/faq/","yes","yes","yes","1","ok"
"gioi-thieu/index.html","Giới thiệu | Nguyenlananh.com","105","https://www.nguyenlananh.com/gioi-thieu/","yes","yes","no","1","missing schema"
"hanh-trinh/index.html","Hành trình | Nguyenlananh.com","92","https://www.nguyenlananh.com/hanh-trinh/","yes","yes","no","1","missing schema"
"huong-dan-admin/index.html","Hướng dẫn Admin | NguyenLanAnh.com","77","https://www.nguyenlananh.com/huong-dan-admin/","yes","yes","no","1","missing schema"
"index.html","Nguyenlananh.com | Đi vào bên trong để tái thiết cuộc đời","163","https://www.nguyenlananh.com/","yes","yes","yes","1","ok"
"join/cancel/index.html","Huỷ thanh toán | Nguyenlananh.com","120","https://www.nguyenlananh.com/join/cancel/","yes","yes","no","1","missing schema"
"join/index.html","Đăng ký thành viên | Nguyenlananh.com","112","https://www.nguyenlananh.com/join/","yes","yes","no","1","missing schema"
"join/retry/index.html","Thử lại thanh toán | Nguyenlananh.com","75","https://www.nguyenlananh.com/join/retry/","yes","yes","no","1","missing schema"
"join/success/index.html","Xác nhận thanh toán | Nguyenlananh.com","114","https://www.nguyenlananh.com/join/success/","yes","yes","no","1","missing schema"
"lien-he/index.html","Liên hệ | Nguyenlananh.com","89","https://www.nguyenlananh.com/lien-he/","yes","yes","no","1","missing schema"
"members/academy/37-day-project-charter/index.html","37-Day Project Charter | Academy | Nguyenlananh.com","79","https://www.nguyenlananh.com/members/academy/37-day-project-charter/","no","no","no","1","missing hreflang; missing og; missing schema"
"members/academy/7-day-rhythm-audit/index.html","Seven-Day Rhythm Audit | Academy | Nguyenlananh.com","97","https://www.nguyenlananh.com/members/academy/7-day-rhythm-audit/","no","no","no","1","missing hreflang; missing og; missing schema"
"members/academy/community-fit-assessment/index.html","Community Fit Report | Academy | Nguyenlananh.com","66","https://www.nguyenlananh.com/members/academy/community-fit-assessment/","no","no","no","1","missing hreflang; missing og; missing schema"
"members/academy/creative-workflow-audit/index.html","Creative Workflow Audit | Academy | Nguyenlananh.com","71","https://www.nguyenlananh.com/members/academy/creative-workflow-audit/","no","no","no","1","missing hreflang; missing og; missing schema"
"members/academy/decision-clarity-sheet/index.html","Decision Memo | Academy | Nguyenlananh.com","85","https://www.nguyenlananh.com/members/academy/decision-clarity-sheet/","no","no","no","1","missing hreflang; missing og; missing schema"
"members/academy/environmental-influence-map/index.html","Environmental Influence Map | Academy | Nguyenlananh.com","76","https://www.nguyenlananh.com/members/academy/environmental-influence-map/","no","no","no","1","missing hreflang; missing og; missing schema"
"members/academy/family-role-boundary-map/index.html","Family Role and Boundary Diagram | Academy | Nguyenlananh.com","92","https://www.nguyenlananh.com/members/academy/family-role-boundary-map/","no","no","no","1","missing hreflang; missing og; missing schema"
"members/academy/index.html","Academy | Thành viên | Nguyenlananh.com","81","https://www.nguyenlananh.com/members/academy/","no","no","no","1","missing hreflang; missing og; missing schema"
"members/academy/life-system-map-v1/index.html","Life System Map V1 | Academy | Nguyenlananh.com","97","https://www.nguyenlananh.com/members/academy/life-system-map-v1/","no","no","no","1","missing hreflang; missing og; missing schema"
"members/academy/personal-resource-audit/index.html","Personal Resource Ledger | Academy | Nguyenlananh.com","49","https://www.nguyenlananh.com/members/academy/personal-resource-audit/","no","no","no","1","missing hreflang; missing og; missing schema"
"members/academy/space-friction-map/index.html","Space Friction Map | Academy | Nguyenlananh.com","78","https://www.nguyenlananh.com/members/academy/space-friction-map/","no","no","no","1","missing hreflang; missing og; missing schema"
"members/circle/index.html","Nhóm nhỏ thực hành | Nguyenlananh.com","119","https://www.nguyenlananh.com/members/circle/","yes","yes","no","1","missing schema"
"members/creator/guidelines/index.html","Hướng dẫn Creator | Nguyenlananh.com","93","https://www.nguyenlananh.com/members/creator/guidelines/","yes","yes","no","1","missing schema"
"members/creator/index.html","Tầng creator | Nguyenlananh.com","107","https://www.nguyenlananh.com/members/creator/","yes","yes","no","1","missing schema"
"members/creator/library/index.html","Thư viện Creator | Nguyenlananh.com","94","https://www.nguyenlananh.com/members/creator/library/","yes","yes","no","1","missing schema"
"members/creator/revenue-share/index.html","Vận hành chia sẻ doanh thu Creator | Nguyenlananh.com","133","https://www.nguyenlananh.com/members/creator/revenue-share/","yes","yes","no","1","missing schema"
"members/creator/submit/index.html","Gửi bài Creator | Nguyenlananh.com","113","https://www.nguyenlananh.com/members/creator/submit/","yes","yes","no","1","missing schema"
"members/creator-dashboard/index.html","Creator Dashboard | Nguyễn Lan Anh","48","https://www.nguyenlananh.com/members/creator-dashboard/","no","no","no","1","missing hreflang; missing og; missing schema"
"members/dashboard/index.html","Bảng điều khiển thành viên | Nguyenlananh.com","73","https://www.nguyenlananh.com/members/dashboard/","yes","yes","no","1","missing schema"
"members/deep/am-thanh-tu-than/index.html","Members Chuyên sâu | Âm thanh tự thân và tiếng nói bên trong","113","https://www.nguyenlananh.com/members/deep/am-thanh-tu-than/","yes","yes","no","1","missing schema"
"members/deep/ban-do-vong-lap/index.html","Members Chuyên sâu | Bản đồ vòng lặp và điểm nghẽn ẩn","133","https://www.nguyenlananh.com/members/deep/ban-do-vong-lap/","yes","yes","no","1","missing schema"
"members/deep/creative-practice-studio/index.html","Creative Workflow Audit | Academy | Nguyenlananh.com","71","https://www.nguyenlananh.com/members/deep/creative-practice-studio/","no","no","no","1","missing hreflang; missing og; missing schema"
"members/deep/dau-tu-noi-tai/index.html","Members Chuyên sâu | Đầu tư nội tại và kinh tế của sự rõ ràng","131","https://www.nguyenlananh.com/members/deep/dau-tu-noi-tai/","yes","yes","no","1","missing schema"
"members/deep/decision-clarity/index.html","Decision Memo | Academy | Nguyenlananh.com","85","https://www.nguyenlananh.com/members/deep/decision-clarity/","no","no","no","1","missing hreflang; missing og; missing schema"
"members/deep/doi-thoai-chua-lanh-trong-nha/index.html","Members Chuyên sâu | Đối thoại sâu trong nhà","112","https://www.nguyenlananh.com/members/deep/doi-thoai-chua-lanh-trong-nha/","yes","yes","no","1","missing schema"
"members/deep/environmental-influence/index.html","Environmental Influence Map | Academy | Nguyenlananh.com","76","https://www.nguyenlananh.com/members/deep/environmental-influence/","no","no","no","1","missing hreflang; missing og; missing schema"
"members/deep/family-pattern-mapping/index.html","Family Role and Boundary Diagram | Academy | Nguyenlananh.com","92","https://www.nguyenlananh.com/members/deep/family-pattern-mapping/","no","no","no","1","missing hreflang; missing og; missing schema"
"members/deep/gia-dinh-va-goc-re/index.html","Members Chuyên sâu | Gia đình và những điều đang truyền qua nhau","131","https://www.nguyenlananh.com/members/deep/gia-dinh-va-goc-re/","yes","yes","no","1","missing schema"
"members/deep/index.html","Học chuyên sâu | Thành viên | Nguyenlananh.com","89","https://www.nguyenlananh.com/members/deep/","no","no","no","1","missing hreflang; missing og; missing schema"
"members/deep/ky-luat-nhe-va-nhip-song-moi/index.html","Members Chuyên sâu | Kỷ luật nhẹ và nhịp sống mới","113","https://www.nguyenlananh.com/members/deep/ky-luat-nhe-va-nhip-song-moi/","yes","yes","no","1","missing schema"
"members/deep/lao-dong-vat-the-va-su-truong-thanh/index.html","Members Chuyên sâu | Lao động, vật thể và sự trưởng thành","132","https://www.nguyenlananh.com/members/deep/lao-dong-vat-the-va-su-truong-thanh/","yes","yes","no","1","missing schema"
"members/deep/life-system-map/index.html","Life System Map V1 | Academy | Nguyenlananh.com","97","https://www.nguyenlananh.com/members/deep/life-system-map/","no","no","no","1","missing hreflang; missing og; missing schema"
"members/deep/moi-truong-song-nhu-mot-than-the-thu-hai/index.html","Members Chuyên sâu | Môi trường sống như một thân thể thứ hai","137","https://www.nguyenlananh.com/members/deep/moi-truong-song-nhu-mot-than-the-thu-hai/","yes","yes","no","1","missing schema"
"members/deep/open-loop-closure-sprint/index.html","Open Loop Closure Sprint | Academy | Nguyễn Lan Anh","90","https://www.nguyenlananh.com/members/deep/open-loop-closure-sprint/","no","no","no","1","missing hreflang; missing og; missing schema"
"members/deep/personal-after-action-review/index.html","Personal After-Action Review | Academy | Nguyễn Lan Anh","84","https://www.nguyenlananh.com/members/deep/personal-after-action-review/","no","no","no","1","missing hreflang; missing og; missing schema"
"members/deep/personal-capital/index.html","Personal Resource Ledger | Academy | Nguyenlananh.com","49","https://www.nguyenlananh.com/members/deep/personal-capital/","no","no","no","1","missing hreflang; missing og; missing schema"
"members/deep/practice-companion-level-1/index.html","Community Fit Report | Academy | Nguyenlananh.com","66","https://www.nguyenlananh.com/members/deep/practice-companion-level-1/","no","no","no","1","missing hreflang; missing og; missing schema"
"members/deep/practice-method-designer/index.html","37-Day Project Charter | Academy | Nguyenlananh.com","79","https://www.nguyenlananh.com/members/deep/practice-method-designer/","no","no","no","1","missing hreflang; missing og; missing schema"
"members/deep/ranh-gioi-mem-trong-gia-dinh/index.html","Members Chuyên sâu | Ranh giới mềm trong gia đình","115","https://www.nguyenlananh.com/members/deep/ranh-gioi-mem-trong-gia-dinh/","yes","yes","no","1","missing schema"
"members/deep/rhythm-design-lab/index.html","Seven-Day Rhythm Audit | Academy | Nguyenlananh.com","97","https://www.nguyenlananh.com/members/deep/rhythm-design-lab/","no","no","no","1","missing hreflang; missing og; missing schema"
"members/deep/self-trust-practice-lab/index.html","Self-Trust Practice Lab | Academy | Nguyễn Lan Anh","114","https://www.nguyenlananh.com/members/deep/self-trust-practice-lab/","no","no","no","1","missing hreflang; missing og; missing schema"
"members/deep/space-reset-practitioner/index.html","Space Friction Map | Academy | Nguyenlananh.com","78","https://www.nguyenlananh.com/members/deep/space-reset-practitioner/","no","no","no","1","missing hreflang; missing og; missing schema"
"members/deep/tai-thiet-khong-gian/index.html","Members Chuyên sâu | Tái thiết không gian sống","141","https://www.nguyenlananh.com/members/deep/tai-thiet-khong-gian/","yes","yes","no","1","missing schema"
"members/deep/tre-em-va-khong-gian-lon-len/index.html","Đồng hành cùng trẻ em mà không làm gãy tự nhiên","125","https://www.nguyenlananh.com/members/deep/tre-em-va-khong-gian-lon-len/","yes","yes","no","1","missing schema"
"members/deep/tre-em-va-nhip-song-so/index.html","Members Chuyên sâu | Trẻ em và nhịp sống số","136","https://www.nguyenlananh.com/members/deep/tre-em-va-nhip-song-so/","yes","yes","no","1","missing schema"
"members/deep/xuong-sang-tao/index.html","Members Chuyên sâu | Xưởng sáng tạo và lao động chuyển hóa","145","https://www.nguyenlananh.com/members/deep/xuong-sang-tao/","yes","yes","no","1","missing schema"
"members/experience/index.html","Trải nghiệm thành viên | Nguyenlananh.com","70","https://www.nguyenlananh.com/members/experience/","yes","yes","no","1","missing schema"
"members/index 2.html","Thành viên | Nguyenlananh.com","131","https://www.nguyenlananh.com/members/","yes","yes","no","1","missing schema"
"members/index.html","Thành viên | Nguyenlananh.com","136","https://www.nguyenlananh.com/members/","yes","yes","no","1","missing schema"
"members/journey/day-1/index.html","Hành trình ngày 1 | Nguyenlananh.com","103","https://www.nguyenlananh.com/members/journey/day-1/","yes","yes","no","1","missing schema"
"members/journey/day-2/index.html","Hành trình ngày 2 | Nguyenlananh.com","95","https://www.nguyenlananh.com/members/journey/day-2/","yes","yes","no","1","missing schema"
"members/journey/day-7/index.html","Hành trình ngày 7 | Nguyenlananh.com","117","https://www.nguyenlananh.com/members/journey/day-7/","yes","yes","no","1","missing schema"
"members/journey/index.html","Hành trình thành viên | Nguyenlananh.com","132","https://www.nguyenlananh.com/members/journey/","yes","yes","no","1","missing schema"
"members/pilot/index.html","Pilot 14 ngày | Nguyenlananh.com","113","https://www.nguyenlananh.com/members/pilot/","yes","yes","no","1","missing schema"
"members/practice/index.html","Thực hành thành viên | Nguyenlananh.com","130","https://www.nguyenlananh.com/members/practice/","yes","yes","no","1","missing schema"
"members/pro/children/index.html","Pro trẻ em và giáo dục | Nguyenlananh.com","133","https://www.nguyenlananh.com/members/pro/children/","yes","yes","no","1","missing schema"
"members/pro/creation/index.html","Pro sáng tạo | Nguyenlananh.com","74","https://www.nguyenlananh.com/members/pro/creation/","yes","yes","no","1","missing schema"
"members/pro/discipline/index.html","Pro kỷ luật | Nguyenlananh.com","72","https://www.nguyenlananh.com/members/pro/discipline/","yes","yes","no","1","missing schema"
"members/pro/environment/index.html","Pro môi trường | Nguyenlananh.com","73","https://www.nguyenlananh.com/members/pro/environment/","yes","yes","no","1","missing schema"
"members/pro/family/index.html","Pro gia đình và quan hệ | Nguyenlananh.com","127","https://www.nguyenlananh.com/members/pro/family/","yes","yes","no","1","missing schema"
"members/pro/index.html","Tầng Pro thành viên | Nguyenlananh.com","106","https://www.nguyenlananh.com/members/pro/","yes","yes","no","1","missing schema"
"members/pro/inner/index.html","Pro nội tâm | Nguyenlananh.com","70","https://www.nguyenlananh.com/members/pro/inner/","yes","yes","no","1","missing schema"
"members/pro/reset/index.html","Pro làm mới đời sống | Nguyenlananh.com","73","https://www.nguyenlananh.com/members/pro/reset/","yes","yes","no","1","missing schema"
"members/pro/wealth/index.html","Pro tài chính | Nguyenlananh.com","76","https://www.nguyenlananh.com/members/pro/wealth/","yes","yes","no","1","missing schema"
"members/reflection/index.html","Bàn giao phản hồi người thật | Nguyenlananh.com","130","https://www.nguyenlananh.com/members/reflection/","yes","yes","no","1","missing schema"
"members/security/index.html","Bảo mật | Thành viên | Nguyễn Lan Anh","0","https://www.nguyenlananh.com/members/security/","no","no","no","1","missing description; missing hreflang; missing og; missing schema"
"members/start/index.html","Bắt đầu đồng hành | Nguyenlananh.com","124","https://www.nguyenlananh.com/members/start/","yes","yes","no","1","missing schema"
"members/verify-2fa/index.html","Xác thực 2 bước | Nguyễn Lan Anh","0","","no","no","no","1","missing description; missing canonical; missing hreflang; missing og; missing schema"
"mien-tru-trach-nhiem/index.html","Miễn trừ trách nhiệm | Nguyenlananh.com","74","https://www.nguyenlananh.com/mien-tru-trach-nhiem/","yes","yes","no","1","missing schema"
"phuong-phap/index.html","Phương pháp | Nguyenlananh.com","110","https://www.nguyenlananh.com/phuong-phap/","yes","yes","no","1","missing schema"
"products/7-day-true-rhythm/index.html","7-Day True Rhythm — Tìm Lại Nhịp Sống Tự Nhiên | Nguyễn Lan Anh","110","https://www.nguyenlananh.com/products/7-day-true-rhythm/","yes","yes","no","1","missing schema"
"products/companion-circle/index.html","Companion Circle — Đồng Hành 7 Ngày | Nguyễn Lan Anh","108","https://www.nguyenlananh.com/products/companion-circle/","yes","yes","no","1","missing schema"
"products/index.html","Sản phẩm | Nguyễn Lan Anh","148","https://www.nguyenlananh.com/products/","yes","yes","no","1","missing schema"
"products/inner-listening-kit/index.html","Inner Listening Kit — Nghe Lại Tiếng Nói Bên Trong | Nguyễn Lan Anh","126","https://www.nguyenlananh.com/products/inner-listening-kit/","yes","yes","no","1","missing schema"
"products/life-reset-mini/index.html","Life Reset Mini — Lấy Lại Một Mảnh Đời Sống | Nguyễn Lan Anh","89","https://www.nguyenlananh.com/products/life-reset-mini/","yes","yes","no","1","missing schema"
"products/one-corner-reset/index.html","One Corner Reset — Dọn Một Góc | Nguyễn Lan Anh","119","https://www.nguyenlananh.com/products/one-corner-reset/","yes","yes","no","1","missing schema"
"programs/boundary-foundation/index.html","Boundary Practice Certification — Foundation | Nguyễn Lan Anh","81","https://www.nguyenlananh.com/programs/boundary-foundation/","yes","yes","no","1","missing schema"
"programs/creative-practice-studio/index.html","Creative Practice Studio — 8 Tuần | Nguyễn Lan Anh","100","https://www.nguyenlananh.com/programs/creative-practice-studio/","yes","yes","no","1","missing schema"
"programs/emotional-block-mapping/index.html","Emotional Block Mapping Intensive — 30 Ngày | Nguyễn Lan Anh","81","https://www.nguyenlananh.com/programs/emotional-block-mapping/","yes","yes","no","1","missing schema"
"programs/family-pattern-mapping/index.html","Family Pattern Mapping Program — 6 Tuần | Nguyễn Lan Anh","84","https://www.nguyenlananh.com/programs/family-pattern-mapping/","yes","yes","no","1","missing schema"
"programs/index.html","Programs — Chương trình thực hành | Nguyễn Lan Anh","78","https://www.nguyenlananh.com/programs/","yes","yes","no","1","missing schema"
"programs/open-loop-closure-sprint/index.html","Open Loop Closure Sprint — 7 Ngày | Nguyễn Lan Anh","95","https://www.nguyenlananh.com/programs/open-loop-closure-sprint/","yes","yes","no","1","missing schema"
"programs/personal-after-action-review/index.html","Personal After-Action Review System | Nguyễn Lan Anh","105","https://www.nguyenlananh.com/programs/personal-after-action-review/","yes","yes","no","1","missing schema"
"programs/rhythm-design-lab/index.html","Rhythm Design Lab — 21 Ngày | Nguyễn Lan Anh","97","https://www.nguyenlananh.com/programs/rhythm-design-lab/","yes","yes","no","1","missing schema"
"programs/self-trust-practice-lab/index.html","Self-Trust Practice Lab — Evidence Builder | Nguyễn Lan Anh","114","https://www.nguyenlananh.com/programs/self-trust-practice-lab/","yes","yes","no","1","missing schema"
"programs/space-reset-practitioner/index.html","Space Reset Practitioner Program | Nguyễn Lan Anh","98","https://www.nguyenlananh.com/programs/space-reset-practitioner/","yes","yes","no","1","missing schema"
"tai-lieu/index.html","Tài liệu chính thức — Nguyenlananh.com | Toàn bộ sự thật về hệ, sản phẩm, giá, lộ trình","186","https://docs.nguyenlananh.com/","yes","yes","yes","1","ok"